STATE,STATEFIPS,COUNTY,COUNTYFIPS,FIPS,YEAR,TP-TotPop,PS-GWPop,PS-SWPop,PS-TOPop,PS-WGWFr,PS-WGWSa,PS-WGWTo,PS-WSWFr,PS-WSWSa,PS-WSWTo,PS-WFrTo,PS-WSaTo,PS-Wtotl,DO-SSPop,DO-WGWFr,DO-WSWFr,DO-WFrTo,DO-SSPCp,DO-PSDel,DO-PSPCp,DO-TOTAL,,IN-WGWFr,IN-WGWSa,IN-WGWTo,IN-WSWFr,IN-WSWSa,IN-WSWTo,IN-WFrTo,IN-WSaTo,IN-Wtotl,IR-WGWFr,IR-WSWFr,IR-WFrTo,IR-IrSpr,IR-IrMic,IR-IrSur,IR-IrTot,IC-WGWFr,IC-WSWFr,IC-WFrTo,IC-IrSpr,IC-IrMic,IC-IrSur,IC-IrTot,IG-WGWFr,IG-WSWFr,IG-WFrTo,IG-IrSpr,IG-IrMic,IG-IrSur,IG-IrTot,LI-WGWFr,LI-WSWFr,LI-WFrTo,AQ-WGWFr,AQ-WGWSa,AQ-WGWTo,AQ-WSWFr,AQ-WSWSa,AQ-WSWTo,AQ-WFrTo,AQ-WSaTo,AQ-WTotl,MI-WGWFr,MI-WGWSa,MI-WGWTo,MI-WSWFr,MI-WSWSa,MI-WSWTo,MI-WFrTo,MI-WSaTo,MI-Wtotl,PT-WGWFr,PT-WGWSa,PT-WGWTo,PT-WSWFr,PT-WSWSa,PT-WSWTo,PT-WFrTo,PT-WSaTo,PT-Wtotl,PT-Power,PO-WGWFr,PO-WGWSa,PO-WGWTo,PO-WSWFr,PO-WSWSa,PO-WSWTo,PO-WFrTo,PO-WSaTo,PO-WTotl,PO-Power,PC-WGWFr,PC-WGWSa,PC-WGWTo,PC-WSWFr,PC-WSWSa,PC-WSWTo,PC-WFrTo,PC-WSaTo,PC-WTotl,PC-Power,TO-WGWFr,TO-WGWSa,TO-WGWTo,TO-WSWFr,TO-WSWSa,TO-WSWTo,TO-WFrTo,TO-WSaTo,TO-WTotl
OH,39,Adams County,1,39001,2010,28.55,27.71,0,27.71,2.22,0,2.22,0,0,0,2.22,0,2.22,0.84,0.06,0,0.06,71,1.7,61,1.76,0,0,0,0,0,0,0,0,0,0,0.02,0.02,0.13,0.01,0,0.14,0,0,0,0.07,0.01,0,0.08,0,0.02,0.02,0.06,0,0,0.06,0.07,0.23,0.3,0,,0,0,,0,0,0,0,0.45,0,0.45,0,0,0,0.45,0,0.45,1.97,0,1.97,583.74,0,583.74,585.71,0,585.71,17512.98,1.21,0,1.21,556.35,0,556.35,557.56,0,557.56,10014.9,0.76,0,0.76,27.39,0,27.39,28.15,0,28.15,7498.08,4.77,0,4.77,583.99,0,583.99,588.76,0,588.76
OH,39,Allen County,3,39003,2010,106.331,3.508,90.09,93.598,0.34,0,0.34,26.75,0,26.75,27.09,0,27.09,12.733,0.94,0.02,0.96,75,8.13,87,9.09,2.63,0,2.63,0,0,0,2.63,0,2.63,0.13,0.58,0.71,0.72,0.06,0,0.78,0,0.34,0.34,0.32,0.06,0,0.38,0.13,0.24,0.37,0.4,0,0,0.4,0.04,0.19,0.23,0,,0,0,,0,0,0,0,2.95,0,2.95,0,0,0,2.95,0,2.95,0,0,0,0,0,0,0,0,0,0,0,0,0,0,0,0,0,0,0,0,0,0,0,0,0,0,0,0,0,0,7.03,0,7.03,27.54,0,27.54,34.57,0,34.57
OH,39,Ashland County,5,39005,2010,53.139,26.206,1.522,27.728,2.78,0,2.78,0,0,0,2.78,0,2.78,25.411,1.87,0.04,1.91,75,1.42,51,3.33,0.09,0,0.09,0,0,0,0.09,0,0.09,0.01,0.06,0.07,0.32,0.01,0,0.33,0.01,0.05,0.06,0.06,0.01,0,0.07,0,0.01,0.01,0.26,0,0,0.26,0.12,0.25,0.37,0,,0,0.24,,0.24,0.24,0,0.24,0,0,0,0.11,0,0.11,0.11,0,0.11,0,0,0,0,0,0,0,0,0,0,0,0,0,0,0,0,0,0,0,0,0,0,0,0,0,0,0,0,0,0,4.87,0,4.87,0.7,0,0.7,5.57,0,5.57
OH,39,Ashtabula County,7,39007,2010,101.497,2.968,80.638,83.606,0.54,0,0.54,7.21,0,7.21,7.75,0,7.75,17.891,1.31,0.03,1.34,75,4.65,56,5.99,0,0,0,20.55,0,20.55,20.55,0,20.55,0,0.11,0.11,0.66,0.05,0,0.71,0,0.03,0.03,0.3,0.05,0,0.35,0,0.08,0.08,0.36,0,0,0.36,0.12,0.2,0.32,0,,0,0,,0,0,0,0,0,0,0,0,0,0,0,0,0,0,0,0,159.56,0,159.56,159.56,0,159.56,880.16,0,0,0,159.56,0,159.56,159.56,0,159.56,880.16,0,0,0,0,0,0,0,0,0,0,1.97,0,1.97,187.66,0,187.66,189.63,0,189.63
OH,39,Athens County,9,39009,2010,64.757,46.75,8.654,55.404,7.08,0,7.08,1.44,0,1.44,8.52,0,8.52,9.353,0.69,0.01,0.7,75,3.75,68,4.45,0,0,0,0,0,0,0,0,0,0.03,0,0.03,0.11,0.01,0,0.12,0.03,0,0.03,0.03,0.01,0,0.04,0,0,0,0.08,0,0,0.08,0.03,0.07,0.1,0,,0,0.17,,0.17,0.17,0,0.17,0,0,0,0,0,0,0,0,0,0,0,0,0,0,0,0,0,0,0,0,0,0,0,0,0,0,0,0,0,0,0,0,0,0,0,0,0,0,0,7.83,0,7.83,1.69,0,1.69,9.52,0,9.52
NC,37,Alamance County,1,37001,2010,151.131,2.853,101.492,104.345,0.2,0,0.2,16.86,0,16.86,17.06,0,17.06,46.786,3.28,0,3.28,70,7.3,70,10.58,0,0,0,0.04,0,0.04,0.04,0,0.04,0,2.9,2.9,2.36,0,0,2.36,0,1.33,1.33,1.68,0,0,1.68,0,1.57,1.57,0.68,0,0,0.68,0.22,0.21,0.43,0,,0,0,,0,0,0,0,0.06,0,0.06,0.08,0,0.08,0.14,0,0.14,0,0,0,0,0,0,0,0,0,0,0,0,0,0,0,0,0,0,0,0,0,0,0,0,0,0,0,0,0,0,3.76,0,3.76,20.09,0,20.09,23.85,0,23.85
NC,37,Alexander County,3,37003,2010,37.198,0.348,20.654,21.002,0.03,0,0.03,0,0,0,0.03,0,0.03,16.196,1.13,0,1.13,70,1.47,70,2.6,0,0,0,0,0,0,0,0,0,0.22,2.05,2.27,1.16,0,0,1.16,0.18,1.74,1.92,1.01,0,0,1.01,0.04,0.31,0.35,0.15,0,0,0.15,0.32,0.48,0.8,0,,0,0,,0,0,0,0,0,0,0,0,0,0,0,0,0,0,0,0,0,0,0,0,0,0,0,0,0,0,0,0,0,0,0,0,0,0,0,0,0,0,0,0,0,0,0,1.7,0,1.7,2.53,0,2.53,4.23,0,4.23
NC,37,Alleghany County,5,37005,2010,11.155,3.067,0,3.067,0.49,0,0.49,0,0,0,0.49,0,0.49,8.088,0.57,0,0.57,70,0.21,68,0.78,0,0,0,0,0,0,0,0,0,0.21,2.43,2.64,1.39,0,0,1.39,0.21,1.83,2.04,1.01,0,0,1.01,0,0.6,0.6,0.38,0,0,0.38,0.14,0.2,0.34,0,,0,1.49,,1.49,1.49,0,1.49,0.01,0,0.01,0,0,0,0.01,0,0.01,0,0,0,0,0,0,0,0,0,0,0,0,0,0,0,0,0,0,0,0,0,0,0,0,0,0,0,0,0,0,1.42,0,1.42,4.12,0,4.12,5.54,0,5.54
NC,37,Anson County,7,37007,2010,26.948,0,18.501,18.501,0,0,0,7.07,0,7.07,7.07,0,7.07,8.447,0.59,0,0.59,70,1.3,70,1.89,0,0,0,0,0,0,0,0,0,0.08,0.56,0.64,0.34,0.11,0,0.45,0.06,0.41,0.47,0.26,0.11,0,0.37,0.02,0.15,0.17,0.08,0,0,0.08,0.61,0.33,0.94,0,,0,0,,0,0,0,0,0,0,0,0.29,0,0.29,0.29,0,0.29,0,0,0,0,0,0,0,0,0,0,0,0,0,0,0,0,0,0,0,0,0,0,0,0,0,0,0,0,0,0,1.28,0,1.28,8.25,0,8.25,9.53,0,9.53
DE,10,Kent County,1,10001,2010,162.31,109.48,0,109.48,10.7,0,10.7,0,0,0,10.7,0,10.7,52.83,4.23,0,4.23,80,8.76,80,12.99,0.12,0,0.12,0,0,0,0.12,0,0.12,23.19,4.03,27.22,36.19,0.31,0,36.5,22.84,4.03,26.87,35.82,0.31,0,36.13,0.35,0,0.35,0.37,0,0,0.37,0.39,0,0.39,0.06,,0.06,0,,0,0.06,0,0.06,0.11,0,0.11,0.1,0,0.1,0.21,0,0.21,0.37,0,0.37,0,0,0,0.37,0,0.37,70,0,0,0,0,0,0,0,0,0,0,0.37,0,0.37,0,0,0,0.37,0,0.37,70,39.17,0,39.17,4.13,0,4.13,43.3,0,43.3
DE,10,New Castle County,3,10003,2010,538.479,36.333,441.73,478.063,19.88,0,19.88,33.3,0,33.3,53.18,0,53.18,60.416,4.83,0,4.83,80,38.25,80,43.08,2.19,0,2.19,78.33,0,78.33,80.52,0,80.52,2.94,0.76,3.7,4.23,0.03,0,4.26,1.89,0.33,2.22,2.97,0.03,0,3,1.05,0.43,1.48,1.26,0,0,1.26,0.09,0,0.09,0,,0,0,,0,0,0,0,0.09,0,0.09,0.08,0,0.08,0.17,0,0.17,0,0,0,7.45,254.74,262.19,7.45,254.74,262.19,2791,0,0,0,0,254.74,254.74,0,254.74,254.74,653,0,0,0,7.45,0,7.45,7.45,0,7.45,2138,30.02,0,30.02,119.92,254.74,374.66,149.94,254.74,404.68
DE,10,Sussex County,5,10005,2010,197.145,125.124,0,125.124,14.18,0,14.18,0,0,0,14.18,0,14.18,72.021,5.76,0,5.76,80,10.01,80,15.77,6.12,0,6.12,9.2,0,9.2,15.32,0,15.32,59.99,10.42,70.41,91.48,0.77,0,92.25,57.62,10.17,67.79,90.37,0.77,0,91.14,2.37,0.25,2.62,1.11,0,0,1.11,0.83,0,0.83,0,,0,0,,0,0,0,0,0.24,0,0.24,0.23,0,0.23,0.47,0,0.47,0,0,0,0,162.51,162.51,0,162.51,162.51,2293,0,0,0,0,162.51,162.51,0,162.51,162.51,2293,0,0,0,0,0,0,0,0,0,0,87.12,0,87.12,19.85,162.51,182.36,106.97,162.51,269.48
SC,45,Abbeville County,1,45001,2010,25.417,0.367,12.973,13.34,0.02,0,0.02,1.92,0,1.92,1.94,0,1.94,12.077,1.21,0,1.21,100,1.33,100,2.54,0,0,0,1,0,1,1,0,1,0,0,0,2.02,0.16,0.08,2.26,0,0,0,1.98,0.16,0.08,2.22,0,0,0,0.04,0,0,0.04,0,0.21,0.21,0,,0,0,,0,0,0,0,0,0,0,0,0,0,0,0,0,0,0,0,0,0,0,0,0,0,0,0,0,0,0,0,0,0,0,0,0,0,0,0,0,0,0,0,0,0,0,1.23,0,1.23,3.13,0,3.13,4.36,0,4.36
SC,45,Aiken County,3,45003,2010,160.099,81.249,39.279,120.528,14.4,0,14.4,5.95,0,5.95,20.35,0,20.35,39.571,3.96,0,3.96,100,12.05,100,16.01,2.04,0,2.04,54.63,0,54.63,56.67,0,56.67,1.24,1.95,3.19,4.15,0.22,0.11,4.48,1.1,1.17,2.27,2.7,0.22,0.11,3.03,0.14,0.78,0.92,1.45,0,0,1.45,0.35,0.35,0.7,0.05,,0.05,0.05,,0.05,0.1,0,0.1,0.56,0,0.56,0,0,0,0.56,0,0.56,0,0,0,122.34,0,122.34,122.34,0,122.34,524.77,0,0,0,121.3,0,121.3,121.3,0,121.3,399.24,0,0,0,1.04,0,1.04,1.04,0,1.04,125.53,22.6,0,22.6,185.27,0,185.27,207.87,0,207.87
VA,51,Accomack County,1,51001,2010,33.164,10.094,0,10.094,0.92,0,0.92,0,0,0,0.92,0,0.92,23.07,1.73,0,1.73,75,0.76,75,2.49,1.83,0,1.83,0,0,0,1.83,0,1.83,7.85,2.38,10.23,3.43,3.24,0,6.67,7.85,2.27,10.12,3.27,3.24,0,6.51,0,0.11,0.11,0.16,0,0,0.16,0.43,0.02,0.45,0.01,0,0.01,0,0,0,0.01,0,0.01,0,0,0,0.01,0,0.01,0.01,0,0.01,0.01,0,0.01,0,0,0,0.01,0,0.01,52.92,0,0,0,0,0,0,0,0,0,0,0.01,0,0.01,0,0,0,0.01,0,0.01,52.92,12.78,0,12.78,2.41,0,2.41,15.19,0,15.19
VA,51,Albemarle County,3,51003,2010,98.97,2.611,62.618,65.229,0.04,0,0.04,10.4,0,10.4,10.44,0,10.44,33.741,2.53,0,2.53,75,4.89,75,7.42,0.01,0,0.01,0,0,0,0.01,0,0.01,0.1,0.6,0.7,0.96,0.83,0,1.79,0,0.31,0.31,0.19,0.83,0,1.02,0.1,0.29,0.39,0.77,0,0,0.77,0.04,0.29,0.33,0.07,0,0.07,4.81,0,4.81,4.88,0,4.88,0.03,0,0.03,0.3,0,0.3,0.33,0,0.33,0,0,0,0,0,0,0,0,0,0,0,0,0,0,0,0,0,0,0,0,0,0,0,0,0,0,0,0,0,0,2.82,0,2.82,16.4,0,16.4,19.22,0,19.22
NJ,34,Atlantic County,1,34001,2010,274.549,201.002,5.669,206.671,32.19,0,32.19,3,0,3,35.19,0,35.19,67.878,7.15,0,7.15,105,14.82,72,21.97,2.19,0,2.19,0.12,0,0.12,2.31,0,2.31,13.36,1.8,15.16,8.45,3.14,0.6,12.19,,,,,,,,,,,,,,,0.01,0,0.01,0,,0,0,,0,0,0,0,0.04,0,0.04,0.2,0,0.2,0.24,0,0.24,0,0,0,0,0,0,0,0,0,0,0,0,0,0,0,0,0,0,0,0,0,0,0,0,0,0,0,0,0,0,54.94,0,54.94,5.12,0,5.12,60.06,0,60.06
NJ,34,Bergen County,3,34003,2010,905.116,160.739,718.374,879.113,20.81,0,20.81,88.22,0,88.22,109.03,0,109.03,26.003,2.41,0,2.41,93,69.99,80,72.4,1.68,0,1.68,2.23,0,2.23,3.91,0,3.91,0.51,0.4,0.91,0.14,0.05,0.01,0.2,,,,,,,,,,,,,,,0,0,0,0,,0,0,,0,0,0,0,0,0,0,0,0,0,0,0,0,0,0,0,0.04,0,0.04,0.04,0,0.04,2087.74,0,0,0,0,0,0,0,0,0,0,0,0,0,0.04,0,0.04,0.04,0,0.04,2087.74,25.41,0,25.41,90.89,0,90.89,116.3,0,116.3
NJ,34,Burlington County,5,34005,2010,448.734,314.114,70.934,385.048,28.67,0,28.67,27.79,0,27.79,56.46,0,56.46,63.686,7.77,0,7.77,122,28.13,73,35.9,1.04,0,1.04,0.05,0,0.05,1.09,0,1.09,7.88,36.08,43.96,9.11,3.38,0.65,13.14,,,,,,,,,,,,,,,0.07,0,0.07,0,,0,0,,0,0,0,0,0,0,0,0.13,0,0.13,0.13,0,0.13,0,0,0,0,0,0,0,0,0,0,0,0,0,0,0,0,0,0,0,0,0,0,0,0,0,0,0,0,0,0,45.43,0,45.43,64.05,0,64.05,109.48,0,109.48
NJ,34,Camden County,7,34007,2010,513.657,446.448,40.621,487.069,46.27,0,46.27,0,0,0,46.27,0,46.27,26.588,3.52,0,3.52,132,37.57,77,41.09,0.36,0,0.36,3.24,0,3.24,3.6,0,3.6,1.95,0.58,2.53,1.91,0.71,0.14,2.76,,,,,,,,,,,,,,,0.01,0,0.01,0,,0,0,,0,0,0,0,0.05,0,0.05,0.33,0,0.33,0.38,0,0.38,0.68,0,0.68,0.46,0,0.46,1.14,0,1.14,261.17,0,0,0,0,0,0,0,0,0,0,0.68,0,0.68,0.46,0,0.46,1.14,0,1.14,261.17,52.84,0,52.84,4.61,0,4.61,57.45,0,57.45
NJ,34,Cape May County,9,34009,2010,97.265,62.055,0,62.055,13.19,0,13.19,0.05,0,0.05,13.24,0,13.24,35.21,4.84,0,4.84,137,2.94,47,7.78,0.82,0,0.82,0.61,0,0.61,1.43,0,1.43,1.05,0.43,1.48,1.69,0.63,0.12,2.44,,,,,,,,,,,,,,,0.01,0,0.01,0.05,,0.05,0,,0,0.05,0,0.05,0,0,0,0.35,0,0.35,0.35,0,0.35,0,0,0,0,58.2,58.2,0,58.2,58.2,578.38,0,0,0,0,58.2,58.2,0,58.2,58.2,578.38,0,0,0,0,0,0,0,0,0,0,19.96,0,19.96,1.44,58.2,59.64,21.4,58.2,79.6
NE,31,Adams County,1,31001,2010,31.364,,,28.52,7.18,0,7.18,0,0,0,7.18,0,7.18,2.844,0.36,0,0.36,127,2.58,90,2.94,2.45,0,2.45,0,0,0,2.45,0,2.45,115.99,0.14,116.13,147.8,0,74.33,222.13,,,,,,,,,,,,,,,0.73,0.17,0.9,0,,0,0,,0,0,0,0,0,0,0,0.17,0,0.17,0.17,0,0.17,0.87,0,0.87,0,0,0,0.87,0,0.87,474.44,0,0,0,0,0,0,0,0,0,0,0.87,0,0.87,0,0,0,0.87,0,0.87,474.44,127.58,0,127.58,0.48,0,0.48,128.06,0,128.06
NE,31,Antelope County,3,31003,2010,6.685,,,3.79,0.81,0,0.81,0,0,0,0.81,0,0.81,2.895,0.37,0,0.37,128,0.34,90,0.71,0,0,0,0,0,0,0,0,0,76.92,0,76.92,253.5,0,4.7,258.2,,,,,,,,,,,,,,,2.19,0.46,2.65,0.73,,0.73,1.6,,1.6,2.33,0,2.33,0,0,0,0.03,0,0.03,0.03,0,0.03,0,0,0,0,0,0,0,0,0,0,0,0,0,0,0,0,0,0,0,0,0,0,0,0,0,0,0,0,0,0,81.02,0,81.02,2.09,0,2.09,83.11,0,83.11
NV,32,Churchill County,1,32001,2010,24.877,,,15.116,3.11,0,3.11,0,0,0,3.11,0,3.11,9.761,1.55,0,1.55,159,2.16,143,3.71,0.03,0,0.03,0,0,0,0.03,0,0.03,3.61,172.84,176.45,0.52,0,59.37,59.89,3.61,172.84,176.45,0.49,0,59.37,59.86,0,0,0,0.03,0,0,0.03,0.52,0,0.52,0,,0,0,,0,0,0,0,0.18,0,0.18,0,0,0,0.18,0,0.18,0,9.92,9.92,0,0,0,0,9.92,9.92,581.55,0,0,0,0,0,0,0,0,0,0,0,9.92,9.92,0,0,0,0,9.92,9.92,581.55,9,9.92,18.92,172.84,0,172.84,181.84,9.92,191.76
NV,32,Clark County,3,32003,2010,1951.269,,,1877.938,52.64,0,52.64,386.79,0,386.79,439.43,0,439.43,73.331,14.67,0,14.67,200,236.4,126,251.07,0.45,0,0.45,4.53,0,4.53,4.98,0,4.98,9.97,4.43,14.4,7.98,0,1.1,9.08,8.39,4.43,12.82,2.42,0,1.1,3.52,1.58,0,1.58,5.56,0,0,5.56,0.07,0,0.07,0,,0,0,,0,0,0,0,2.42,0.02,2.44,2.66,0,2.66,5.08,0.02,5.1,4.95,0,4.95,3.04,0,3.04,7.99,0,7.99,3579.67,0,0,0,0,0,0,0,0,0,0,4.95,0,4.95,3.04,0,3.04,7.99,0,7.99,3579.67,85.17,0.02,85.19,401.45,0,401.45,486.62,0.02,486.64
NV,32,Douglas County,5,32005,2010,46.997,,,43.676,10.5,0,10.5,0.91,0,0.91,11.41,0,11.41,3.321,0.63,0,0.63,190,6.2,142,6.83,0.01,0,0.01,0,0,0,0.01,0,0.01,10.08,87.49,97.57,5.22,0,27.27,32.49,10.08,87.49,97.57,4.79,0,27.27,32.06,0,0,0,0.43,0,0,0.43,0.16,0,0.16,1.05,,1.05,0.61,,0.61,1.66,0,1.66,0,0.13,0.13,0,0,0,0,0.13,0.13,0,0,0,0,0,0,0,0,0,0,0,0,0,0,0,0,0,0,0,0,0,0,0,0,0,0,0,0,0,0,22.43,0.13,22.56,89.01,0,89.01,111.44,0.13,111.57
NV,32,Elko County,7,32007,2010,48.818,,,39.466,13.34,0,13.34,0,0,0,13.34,0,13.34,9.352,1.5,0,1.5,160,5.6,142,7.1,0,0,0,0,0,0,0,0,0,21.24,314.16,335.4,5.72,0,126.68,132.4,21.07,314.16,335.23,5.38,0,126.68,132.06,0.17,0,0.17,0.34,0,0,0.34,1.37,0,1.37,0,,0,4,,4,4,0,4,1.39,0,1.39,0.05,0,0.05,1.44,0,1.44,0,0,0,0,0,0,0,0,0,0,0,0,0,0,0,0,0,0,0,0,0,0,0,0,0,0,0,0,0,0,38.84,0,38.84,318.21,0,318.21,357.05,0,357.05
NV,32,Esmeralda County,9,32009,2010,0.783,,,0.488,0.09,0,0.09,0,0,0,0.09,0,0.09,0.295,0.05,0,0.05,169,0.07,143,0.12,0,0,0,0,0,0,0,0,0,25.63,0,25.63,7.36,0,0,7.36,25.63,0,25.63,7.36,0,0,7.36,0,0,0,0,0,0,0,0.02,0,0.02,0,,0,0,,0,0,0,0,0,0.01,0.01,0,0,0,0,0.01,0.01,0,0,0,0,0,0,0,0,0,0,0,0,0,0,0,0,0,0,0,0,0,0,0,0,0,0,0,0,0,0,25.79,0.01,25.8,0,0,0,25.79,0.01,25.8
CO,8,Adams County,1,8001,2010,441.603,45.985,383.417,429.402,12.18,0,12.18,64.97,0,64.97,77.15,0,77.15,12.201,1.01,0,1.01,83,35.49,83,36.5,0,0,0,0,0,0,0,0,0,16.1,129.37,145.47,18.4,0,12.19,30.59,15.79,127.95,143.74,17.39,0,12.19,29.58,0.31,1.42,1.73,1.01,0,0,1.01,0.2,0.06,0.26,0,,0,0,,0,0,0,0,0.11,0.02,0.13,0,0,0,0.11,0.02,0.13,0,0,0,6.9,0,6.9,6.9,0,6.9,4068,0,0,0,0,0,0,0,0,0,0,0,0,0,6.9,0,6.9,6.9,0,6.9,4068,29.6,0.02,29.62,201.3,0,201.3,230.9,0.02,230.92
CO,8,Alamosa County,3,8003,2010,15.445,9.015,0,9.015,1.72,0,1.72,0,0,0,1.72,0,1.72,6.43,0.87,0,0.87,135,1.22,135,2.09,0,0,0,0,0,0,0,0,0,115.55,33.84,149.39,69.77,0,47.74,117.51,115.55,33.76,149.31,69.69,0,47.74,117.43,0,0.08,0.08,0.08,0,0,0.08,0.13,0.02,0.15,0.26,,0.26,0,,0,0.26,0,0.26,0.02,0,0.02,0,0,0,0.02,0,0.02,0,0,0,0,0,0,0,0,0,0,0,0,0,0,0,0,0,0,0,0,0,0,0,0,0,0,0,0,0,0,118.55,0,118.55,33.86,0,33.86,152.41,0,152.41
CO,8,Arapahoe County,5,8005,2010,572.003,64.9,499.641,564.541,30.74,0,30.74,137.81,0,137.81,168.55,0,168.55,7.462,1.58,0,1.58,212,119.26,211,120.84,0.01,0,0.01,0,0,0,0.01,0,0.01,1.91,14.79,16.7,4.46,0,0.6,5.06,0.08,13.99,14.07,1.56,0,0.6,2.16,1.83,0.8,2.63,2.9,0,0,2.9,0.1,0.01,0.11,0,,0,0.02,,0.02,0.02,0,0.02,0.02,0.01,0.03,0,0,0,0.02,0.01,0.03,0,0,0,0,0,0,0,0,0,0,0,0,0,0,0,0,0,0,0,0,0,0,0,0,0,0,0,0,0,0,34.36,0.01,34.37,152.63,0,152.63,186.99,0.01,187
IA,19,Adair County,1,19001,2010,7.682,,,4.715,0.58,0,0.58,0,0,0,0.58,0,0.58,2.967,0.19,0,0.19,64,0.31,66,0.5,0,0,0,0,0,0,0,0,0,0.04,0,0.04,0.1,0,0,0.1,0.04,0,0.04,0.1,0,0,0.1,0,0,0,0,0,0,0,0.5,0.16,0.66,0,,0,0,,0,0,0,0,0,0,0,0.84,0,0.84,0.84,0,0.84,0,0,0,0,0,0,0,0,0,0,0,0,0,0,0,0,0,0,0,0,0,0,0,0,0,0,0,0,0,0,1.31,0,1.31,1,0,1,2.31,0,2.31
TN,47,Anderson County,1,47001,2010,75.129,,,70.514,0.22,0,0.22,13.2,0,13.2,13.42,0,13.42,4.615,0.33,0,0.33,72,5.71,81,6.04,0,0,0,0.52,0,0.52,0.52,0,0.52,0.14,0.72,0.86,0.16,0,0,0.16,0.05,0.01,0.06,0.09,0,0,0.09,0.09,0.71,0.8,0.07,0,0,0.07,0,0.13,0.13,0,,0,0.06,,0.06,0.06,0,0.06,0.05,0,0.05,0.34,0,0.34,0.39,0,0.39,0,0,0,292,0,292,292,0,292,3874.22,0,0,0,292,0,292,292,0,292,3874.22,0,0,0,0,0,0,0,0,0,0,0.74,0,0.74,306.97,0,306.97,307.71,0,307.71
TN,47,Bedford County,3,47003,2010,45.058,,,44.201,0.2,0,0.2,5.81,0,5.81,6.01,0,6.01,0.857,0.06,0,0.06,70,3.58,81,3.64,0,0,0,0,0,0,0,0,0,0.23,0,0.23,0.33,0,0,0.33,0.23,0,0.23,0.33,0,0,0.33,0,0,0,0,0,0,0,0.67,0.41,1.08,0,,0,8.42,,8.42,8.42,0,8.42,0.07,0,0.07,0.08,0,0.08,0.15,0,0.15,0,0,0,0,0,0,0,0,0,0,0,0,0,0,0,0,0,0,0,0,0,0,0,0,0,0,0,0,0,0,1.23,0,1.23,14.72,0,14.72,15.95,0,15.95
TN,47,Benton County,5,47005,2010,16.489,,,11.13,0.14,0,0.14,1.36,0,1.36,1.5,0,1.5,5.359,0.39,0,0.39,73,0.9,81,1.29,0,0,0,0,0,0,0,0,0,0.01,0.01,0.02,0,0.02,0,0.02,0.01,0.01,0.02,0,0.02,0,0.02,0,0,0,0,0,0,0,0.1,0,0.1,0,,0,0,,0,0,0,0,0.1,0,0.1,0.35,0,0.35,0.45,0,0.45,0,0,0,0,0,0,0,0,0,0,0,0,0,0,0,0,0,0,0,0,0,0,0,0,0,0,0,0,0,0,0.74,0,0.74,1.72,0,1.72,2.46,0,2.46
TN,47,Bledsoe County,7,47007,2010,12.876,,,4.429,0.49,0,0.49,0.73,0,0.73,1.22,0,1.22,8.447,0.61,0,0.61,72,0.36,81,0.97,0,0,0,0,0,0,0,0,0,0.49,0.34,0.83,0.36,0.53,0,0.89,0.49,0,0.49,0.16,0.53,0,0.69,0,0.34,0.34,0.2,0,0,0.2,0,0.37,0.37,0,,0,0,,0,0,0,0,0.02,0,0.02,0.02,0,0.02,0.04,0,0.04,0,0,0,0,0,0,0,0,0,0,0,0,0,0,0,0,0,0,0,0,0,0,0,0,0,0,0,0,0,0,1.61,0,1.61,1.46,0,1.46,3.07,0,3.07
AZ,4,Apache County,1,4001,2010,71.518,48.898,0,48.898,5.33,0,5.33,0,0,0,5.33,0,5.33,22.62,1.95,0,1.95,86,4.25,87,6.2,0,0,0,0,0,0,0,0,0,0.58,7.02,7.6,0.2,0,2.5,2.7,0.58,7.02,7.6,0.2,0,2.5,2.7,0,0,0,0,0,0,0,0.61,0,0.61,5.94,,5.94,0,,0,5.94,0,5.94,0,0,0,0,0,0,0,0,0,27.53,0,27.53,0,0,0,27.53,0,27.53,17367.85,0,0,0,0,0,0,0,0,0,0,27.53,0,27.53,0,0,0,27.53,0,27.53,17367.85,41.94,0,41.94,7.02,0,7.02,48.96,0,48.96
AZ,4,Cochise County,3,4003,2010,131.346,107.373,0.173,107.546,15.7,0,15.7,0.03,0,0.03,15.73,0,15.73,23.8,2.74,0,2.74,115,11.67,109,14.41,0.06,0,0.06,0,0,0,0.06,0,0.06,214.71,0,214.71,69.77,2.94,6.93,79.64,213.58,0,213.58,69.29,2.94,6.93,79.16,1.13,0,1.13,0.48,0,0,0.48,0.7,0,0.7,0,,0,0,,0,0,0,0,0.03,0,0.03,0,0,0,0.03,0,0.03,4.43,0,4.43,0,0,0,4.43,0,4.43,2145.18,0,0,0,0,0,0,0,0,0,0,4.43,0,4.43,0,0,0,4.43,0,4.43,2145.18,238.37,0,238.37,0.03,0,0.03,238.4,0,238.4
AZ,4,Coconino County,5,4005,2010,134.421,69.499,52.862,122.361,12.46,0,12.46,9.24,0,9.24,21.7,0,21.7,12.06,1.31,0,1.31,109,16.11,132,17.42,0.02,0,0.02,0,0,0,0.02,0,0.02,0.23,0.05,0.28,0.8,0,0,0.8,0.13,0,0.13,0.04,0,0,0.04,0.1,0.05,0.15,0.76,0,0,0.76,0.6,0,0.6,6.88,,6.88,0,,0,6.88,0,6.88,0.01,0,0.01,0,0,0,0.01,0,0.01,0,0,0,21.38,0,21.38,21.38,0,21.38,16429.59,0,0,0,0,0,0,0,0,0,0,0,0,0,21.38,0,21.38,21.38,0,21.38,16429.59,21.51,0,21.51,30.67,0,30.67,52.18,0,52.18
MO,29,Adair County,1,29001,2010,25.607,,,25.607,0,0,0,2.65,0,2.65,2.65,0,2.65,0,0,0,0,N/A,2.18,85,2.18,0,0,0,0,0,0,0,0,0,0.05,0,0.05,0.07,0,0,0.07,,,,,,,,,,,,,,,0.11,0.36,0.47,0,,0,0,,0,0,0,0,0,0,0,0,0,0,0,0,0,0,0,0,0,0,0,0,0,0,0,0,0,0,0,0,0,0,0,0,0,0,0,0,0,0,0,0,0,0,0,0.16,0,0.16,3.01,0,3.01,3.17,0,3.17
MO,29,Andrew County,3,29003,2010,17.291,,,16.325,18.84,0,18.84,0,0,0,18.84,0,18.84,0.966,0.07,0,0.07,72,1.47,90,1.54,0,0,0,0,0,0,0,0,0,0,0.09,0.09,0.35,0,0,0.35,,,,,,,,,,,,,,,0.1,0.26,0.36,0,,0,0,,0,0,0,0,0.22,0,0.22,0.13,0,0.13,0.35,0,0.35,0,0,0,0,0,0,0,0,0,0,0,0,0,0,0,0,0,0,0,0,0,0,0,0,0,0,0,0,0,0,19.23,0,19.23,0.48,0,0.48,19.71,0,19.71
MO,29,Atchison County,5,29005,2010,5.685,,,4.911,0.48,0,0.48,0,0,0,0.48,0,0.48,0.774,0.05,0,0.05,65,0.34,69,0.39,0,0,0,0,0,0,0,0,0,5.63,0,5.63,13,0,1.15,14.15,,,,,,,,,,,,,,,0.04,0.1,0.14,0,,0,0,,0,0,0,0,0,0,0,0,0,0,0,0,0,0,0,0,0,0,0,0,0,0,0,0,0,0,0,0,0,0,0,0,0,0,0,0,0,0,0,0,0,0,0,6.2,0,6.2,0.1,0,0.1,6.3,0,6.3
DC,11,District of Columbia,1,11001,2010,601.723,0,601.723,601.723,0,0,0,0,0,0,0,0,0,0,0,0,0,N/A,74.94,125,74.94,0,0,0,0,0,0,0,0,0,0.05,0.05,0.1,0.32,0,0,0.32,0,0,0,0,0,0,0,0.05,0.05,0.1,0.32,0,0,0.32,0,0,0,0,,0,0,,0,0,0,0,0,0,0,0,0,0,0,0,0,0,0,0,0,0,0,0,0,0,0,0,0,0,0,0,0,0,0,0,0,0,0,0,0,0,0,0,0,0,0,0.05,0,0.05,0.05,0,0.05,0.1,0,0.1
TX,48,Anderson County,1,48001,2010,58.458,,,34.32,5.84,0,5.84,16.3,0,16.3,22.14,0,22.14,24.138,2.56,0,2.56,106,2.2,64,4.76,0,0,0,0,0,0,0,0,0,0.23,0.13,0.36,0.4,0,0,0.4,,,,,,,,,,,,,,,0.05,0.92,0.97,0,,0,0,0,0,0,0,0,0.04,2.65,2.69,0.01,0,0.01,0.05,2.65,2.7,0,0,0,0,0,0,0,0,0,0,0,0,0,0,0,0,0,0,0,0,0,0,0,0,0,0,0,0,0,0,8.72,2.65,11.37,17.36,0,17.36,26.08,2.65,28.73
TX,48,Andrews County,3,48003,2010,14.786,,,10.727,2.38,0,2.38,0,0,0,2.38,0,2.38,4.059,0.43,0,0.43,106,1.41,131,1.84,0,0.02,0.02,0,0,0,0,0.02,0.02,20.85,0,20.85,27.4,0.28,0,27.68,,,,,,,,,,,,,,,0.2,0,0.2,0,,0,0,0,0,0,0,0,0.58,39.4,39.98,0.15,0,0.15,0.73,39.4,40.13,0,0,0,0,0,0,0,0,0,0,0,0,0,0,0,0,0,0,0,0,0,0,0,0,0,0,0,0,0,0,24.44,39.42,63.86,0.15,0,0.15,24.59,39.42,64.01
TX,48,Angelina County,5,48005,2010,86.771,,,80.261,11.4,0,11.4,0,0,0,11.4,0,11.4,6.51,0.69,0,0.69,106,6.34,79,7.03,1.3,0,1.3,0,0,0,1.3,0,1.3,0.21,0.81,1.02,0.47,0,0,0.47,,,,,,,,,,,,,,,0.05,0.48,0.53,0,,0,0,0,0,0,0,0,0.01,0.22,0.23,0.01,0,0.01,0.02,0.22,0.24,0,0,0,0,0,0,0,0,0,0,0,0,0,0,0,0,0,0,0,0,0,0,0,0,0,0,0,0,0,0,13.66,0.22,13.88,1.3,0,1.3,14.96,0.22,15.18
OR,41,Baker County,1,41001,2010,16.134,2.009,9.96,11.969,0.48,0,0.48,2.38,0,2.38,2.86,0,2.86,4.165,0.51,0.12,0.63,151,2.44,204,3.07,1.77,0,1.77,0.41,0,0.41,2.18,0,2.18,68.5,420.92,489.42,16.53,7.47,125.56,149.56,68.5,420.78,489.28,16.44,7.47,125.56,149.47,0,0.14,0.14,0.09,0,0,0.09,0.03,0.71,0.74,0,0,0,0,0,0,0,0,0,0.02,0,0.02,0.17,0,0.17,0.19,0,0.19,0,0,0,0,0,0,0,0,0,0,0,0,0,0,0,0,0,0,0,0,0,0,0,0,0,0,0,0,0,0,71.31,0,71.31,424.71,0,424.71,496.02,0,496.02
OR,41,Benton County,3,41003,2010,85.579,0.972,61.993,62.965,0.17,0,0.17,10.84,0,10.84,11.01,0,11.01,22.614,1.99,0.27,2.26,100,7.7,122,9.96,0,0,0,0.7,0,0.7,0.7,0,0.7,6.42,11.41,17.83,11.86,0.12,0,11.98,6.33,11.25,17.58,11.6,0.12,0,11.72,0.09,0.16,0.25,0.26,0,0,0.26,0.06,0.09,0.15,0,0,0,6.62,0,6.62,6.62,0,6.62,0.26,0,0.26,0,0,0,0.26,0,0.26,0,0,0,0,0,0,0,0,0,0,0,0,0,0,0,0,0,0,0,0,0,0,0,0,0,0,0,0,0,0,8.9,0,8.9,29.93,0,29.93,38.83,0,38.83
WV,54,Barbour County,1,54001,2010,16.589,0,12.48,12.48,0,0,0,1.32,0,1.32,1.32,0,1.32,4.109,0.32,0.01,0.33,80,1,80,1.33,0.01,0,0.01,0.23,0,0.23,0.24,0,0.24,0,0,0,0.01,0,0.01,0.02,,,,,,,,,,,,,,,0.01,0.09,0.1,0.05,,0.05,0,,0,0.05,0,0.05,0.03,0.01,0.04,0.04,0,0.04,0.07,0.01,0.08,0,0,0,0,0,0,0,0,0,0,0,0,0,0,0,0,0,0,0,0,0,0,0,0,0,0,0,0,0,0,0.42,0.01,0.43,1.69,0,1.69,2.11,0.01,2.12
WV,54,Berkeley County,3,54003,2010,104.169,51.25,25.94,77.19,5.59,0,5.59,2.83,0,2.83,8.42,0,8.42,26.979,2.12,0.04,2.16,80,6.18,80,8.34,3.9,0,3.9,14,0,14,17.9,0,17.9,0.01,0.01,0.02,0.1,0,0.04,0.14,,,,,,,,,,,,,,,0.06,0.08,0.14,0.07,,0.07,0,,0,0.07,0,0.07,0.03,0,0.03,0.06,0,0.06,0.09,0,0.09,0,0,0,0,0,0,0,0,0,0,0,0,0,0,0,0,0,0,0,0,0,0,0,0,0,0,0,0,0,0,11.78,0,11.78,17.02,0,17.02,28.8,0,28.8
WY,56,Albany County,1,56001,2010,36.299,14.944,14.725,29.669,2.81,0,2.81,2.68,0,2.68,5.49,0,5.49,6.63,0.5,0,0.5,75,4.69,158,5.19,0.04,0,0.04,0.02,0,0.02,0.06,0,0.06,0,181.44,181.44,0.87,0,50.74,51.61,,,,,,,,,,,,,,,0.25,0.38,0.63,0.75,,0.75,0.34,,0.34,1.09,0,1.09,0.01,0.08,0.09,0,0,0,0.01,0.08,0.09,0,0,0,0,0,0,0,0,0,0,0,0,0,0,0,0,0,0,0,0,0,0,0,0,0,0,0,0,0,0,4.36,0.08,4.44,184.86,0,184.86,189.22,0.08,189.3
MS,28,Adams County,1,28001,2010,32.297,29.699,0,29.699,4.76,0,4.76,0,0,0,4.76,0,4.76,2.598,0.26,0,0.26,100,2.97,100,3.23,1.87,0,1.87,0,0,0,1.87,0,1.87,0,0.01,0.01,0,0,0.01,0.01,,,,,,,,,,,,,,,0.02,0.03,0.05,0,,0,0,,0,0,0,0,0.3,0.26,0.56,0,0,0,0.3,0.26,0.56,0,0,0,0,0,0,0,0,0,0,0,0,0,0,0,0,0,0,0,0,0,0,0,0,0,0,0,0,0,0,7.21,0.26,7.47,0.04,0,0.04,7.25,0.26,7.51
IL,17,Adams County,1,17001,2010,67.103,21.7,40.63,62.33,2.16,0,2.16,7.94,0,7.94,10.1,0,10.1,4.773,0.38,0,0.38,80,4.99,80,5.37,7.03,0,7.03,0,0,0,7.03,0,7.03,0.76,0.07,0.83,3.78,0,0,3.78,0.69,0,0.69,3.57,0,0,3.57,0.07,0.07,0.14,0.21,0,0,0.21,0.82,0.03,0.85,0,,0,0,,0,0,0,0,0.04,0,0.04,0.18,0,0.18,0.22,0,0.22,0,0,0,0,0,0,0,0,0,0,0,0,0,0,0,0,0,0,0,0,0,0,0,0,0,0,0,0,0,0,11.19,0,11.19,8.22,0,8.22,19.41,0,19.41
ND,38,Adams County,1,38001,2010,2.343,,,2.044,0,0,0,0,0,0,0,0,0,0.299,0.02,0,0.02,67,0.16,78,0.18,0,0,0,0,0,0,0,0,0,0,0,0,0,0,0,0,,,,,,,,,,,,,,,0.28,0.19,0.47,0,,0,0,,0,0,0,0,0.02,0,0.02,0.01,0,0.01,0.03,0,0.03,0,0,0,0,0,0,0,0,0,0,0,0,0,0,0,0,0,0,0,0,0,0,0,0,0,0,0,0,0,0,0.32,0,0.32,0.2,0,0.2,0.52,0,0.52
ND,38,Barnes County,3,38003,2010,11.066,,,9.942,0.45,0,0.45,0.64,0,0.64,1.09,0,1.09,1.124,0.08,0,0.08,71,0.8,80,0.88,0,0,0,0,0,0,0,0,0,0.35,0.11,0.46,0.98,0,0,0.98,,,,,,,,,,,,,,,0.18,0.12,0.3,0,,0,0.1,,0.1,0.1,0,0.1,0.09,0,0.09,0.03,0,0.03,0.12,0,0.12,0,0,0,0,0,0,0,0,0,0,0,0,0,0,0,0,0,0,0,0,0,0,0,0,0,0,0,0,0,0,1.15,0,1.15,1,0,1,2.15,0,2.15
ND,38,Benson County,5,38005,2010,6.66,,,5.33,0.07,0,0.07,0,0,0,0.07,0,0.07,1.33,0.1,0,0.1,75,0.43,81,0.53,0,0,0,0,0,0,0,0,0,1.38,0,1.38,3.85,0,0,3.85,,,,,,,,,,,,,,,0.2,0.13,0.33,0,,0,0,,0,0,0,0,0.19,0,0.19,0.07,0,0.07,0.26,0,0.26,0,0,0,0,0,0,0,0,0,0,0,0,0,0,0,0,0,0,0,0,0,0,0,0,0,0,0,0,0,0,1.94,0,1.94,0.2,0,0.2,2.14,0,2.14
ND,38,Billings County,7,38007,2010,0.783,,,0.562,0,0,0,0,0,0,0,0,0,0.221,0.02,0,0.02,90,0.04,71,0.06,0,0,0,0,0,0,0,0,0,0,0.29,0.29,0.13,0,0.31,0.44,,,,,,,,,,,,,,,0.22,0.15,0.37,0,,0,0,,0,0,0,0,0,1.41,1.41,0,0,0,0,1.41,1.41,0,0,0,0,0,0,0,0,0,0,0,0,0,0,0,0,0,0,0,0,0,0,0,0,0,0,0,0,0,0,0.24,1.41,1.65,0.44,0,0.44,0.68,1.41,2.09
RI,44,Bristol County,1,44001,2010,49.875,0.223,49.302,49.525,0,0,0,0.89,0,0.89,0.89,0,0.89,0.35,0.02,0,0.02,57,3.57,72,3.59,0.3,0,0.3,0,0,0,0.3,0,0.3,0.08,0.02,0.1,0.16,0.03,0,0.19,,,,,,,,,,,,,,,0,0,0,0,,0,0,0.27,0.27,0,0.27,0.27,0,0,0,0,0,0,0,0,0,0,0,0,0,0,0,0,0,0,0,0,0,0,0,0,0,0,0,0,0,0,0,0,0,0,0,0,0,0,0,0.4,0,0.4,0.91,0.27,1.18,1.31,0.27,1.58
RI,44,Kent County,3,44003,2010,166.158,0.294,159.16,159.454,1.66,0,1.66,0,0,0,1.66,0,1.66,6.704,0.48,0,0.48,72,11.48,72,11.96,0.13,0,0.13,0.87,0,0.87,1,0,1,0.31,0.02,0.33,0.4,0.05,0,0.45,,,,,,,,,,,,,,,0.02,0,0.02,0,,0,0,0.27,0.27,0,0.27,0.27,0,0,0,0.23,0,0.23,0.23,0,0.23,0,0,0,0,0,0,0,0,0,0,0,0,0,0,0,0,0,0,0,0,0,0,0,0,0,0,0,0,0,0,2.6,0,2.6,1.12,0.27,1.39,3.72,0.27,3.99
RI,44,Newport County,5,44005,2010,82.888,1.049,65.102,66.151,0.01,0,0.01,8.28,0,8.28,8.29,0,8.29,16.737,1.19,0,1.19,71,4.76,72,5.95,0.1,0,0.1,0,0,0,0.1,0,0.1,0.41,0.07,0.48,0.71,0.17,0,0.88,,,,,,,,,,,,,,,0.05,0,0.05,0,,0,0,1.6,1.6,0,1.6,1.6,0,0,0,0.02,0,0.02,0.02,0,0.02,0,0,0,0,0,0,0,0,0,0,0,0,0,0,0,0,0,0,0,0,0,0,0,0,0,0,0,0,0,0,1.76,0,1.76,8.37,1.6,9.97,10.13,1.6,11.73
RI,44,Providence County,7,44007,2010,626.667,6.508,567.844,574.352,4.04,0,4.04,83.05,0,83.05,87.09,0,87.09,52.315,3.71,0,3.71,71,41.35,72,45.06,3.43,0,3.43,1.76,0,1.76,5.19,0,5.19,0.74,0.06,0.8,1.19,0.23,0,1.42,,,,,,,,,,,,,,,0.05,0,0.05,0,,0,0,0,0,0,0,0,0.05,0,0.05,0.24,0,0.24,0.29,0,0.29,0,0,0,1.44,232.2,233.64,1.44,232.2,233.64,1138.3,0,0,0,0,232.2,232.2,0,232.2,232.2,639.26,0,0,0,1.44,0,1.44,1.44,0,1.44,499.04,12.02,0,12.02,86.55,232.2,318.75,98.57,232.2,330.77
PA,42,Adams County,1,42001,2010,101.407,33.36,14.59,47.95,2.69,0,2.69,9.99,0,9.99,12.68,0,12.68,53.457,3.21,0,3.21,60,2.88,60,6.09,1.16,0,1.16,0,0,0,1.16,0,1.16,0.16,0.54,0.7,1.78,0.77,0,2.55,0.14,0.48,0.62,1.15,0.77,0,1.92,0.02,0.06,0.08,0.63,0,0,0.63,1.11,0.16,1.27,0,,0,0.42,,0.42,0.42,0,0.42,0.65,0,0.65,0,0,0,0.65,0,0.65,0.07,0,0.07,0,0,0,0.07,0,0.07,1428.81,0.07,0,0.07,0,0,0,0.07,0,0.07,1428.81,0,0,0,0,0,0,0,0,0,0,9.05,0,9.05,11.11,0,11.11,20.16,0,20.16
PA,42,Allegheny County,3,42003,2010,1223.348,14.48,1021.37,1035.85,0.87,0,0.87,185.77,0,185.77,186.64,0,186.64,187.498,11.25,0,11.25,60,62.15,60,73.4,2.43,0,2.43,309.89,0,309.89,312.32,0,312.32,0.2,0.52,0.72,3.1,0.13,0,3.23,0.04,0.12,0.16,0.2,0.13,0,0.33,0.16,0.4,0.56,2.9,0,0,2.9,0.04,0.01,0.05,0,,0,0,,0,0,0,0,0,0,0,0,0,0,0,0,0,0,0,0,130.5,0,130.5,130.5,0,130.5,2022.04,0,0,0,130.45,0,130.45,130.45,0,130.45,2022.04,0,0,0,0.05,0,0.05,0.05,0,0.05,0,14.79,0,14.79,626.69,0,626.69,641.48,0,641.48
PA,42,Armstrong County,5,42005,2010,68.941,5.95,37.61,43.56,0.68,0,0.68,4.37,0,4.37,5.05,0,5.05,25.381,1.52,0,1.52,60,2.61,60,4.13,0.03,0,0.03,0.05,0,0.05,0.08,0,0.08,0.16,0.13,0.29,0.59,0.08,0,0.67,0.03,0.09,0.12,0.12,0.08,0,0.2,0.13,0.04,0.17,0.47,0,0,0.47,0.28,0.04,0.32,0,,0,0.42,,0.42,0.42,0,0.42,0,0,0,0,0,0,0,0,0,0,0,0,172.74,0,172.74,172.74,0,172.74,15226.32,0,0,0,149.1,0,149.1,149.1,0,149.1,1675.97,0,0,0,23.64,0,23.64,23.64,0,23.64,13550.35,2.67,0,2.67,177.75,0,177.75,180.42,0,180.42
AL,1,Autauga County,1,1001,2010,54.571,,,48.222,5.09,0,5.09,0,0,0,5.09,0,5.09,6.349,0.37,0,0.37,58,3.17,66,3.54,9.89,0,9.89,31.14,0,31.14,41.03,0,41.03,2.88,0.06,2.94,1.9,0.03,0.02,1.95,2.88,0,2.88,1.8,0.03,0.02,1.85,0,0.06,0.06,0.1,0,0,0.1,0.06,0.09,0.15,0,,0,0,,0,0,0,0,0.09,0,0.09,0.04,0,0.04,0.13,0,0.13,0,0,0,5.84,0,5.84,5.84,0,5.84,6738.26,0,0,0,0,0,0,0,0,0,0,0,0,0,5.84,0,5.84,5.84,0,5.84,6738.26,18.38,0,18.38,37.17,0,37.17,55.55,0,55.55
FL,12,Alachua County,1,12001,2010,247.336,204.719,0,204.719,26.31,0,26.31,0,0,0,26.31,0,26.31,42.617,3.52,0,3.52,83,14.34,70,17.86,0,0,0,0,0,0,0,0,0,20.53,0.54,21.07,9.05,3.78,0,12.83,19.31,0.33,19.64,8.5,3.78,0,12.28,1.22,0.21,1.43,0.55,0,0,0.55,0.39,0.01,0.4,0,,0,0,,0,0,0,0,0,0,0,0,0,0,0,0,0,2.5,0,2.5,0,0,0,2.5,0,2.5,1689.5,0,0,0,0,0,0,0,0,0,0,2.5,0,2.5,0,0,0,2.5,0,2.5,1689.5,53.25,0,53.25,0.55,0,0.55,53.8,0,53.8
FL,12,Baker County,3,12003,2010,27.115,5.053,0,5.053,0.91,0,0.91,0,0,0,0.91,0,0.91,22.062,3.01,0,3.01,136,0.36,71,3.37,0,0,0,0,0,0,0,0,0,0.57,0.2,0.77,0.24,0.08,0,0.32,0.57,0.2,0.77,0.19,0.08,0,0.27,0,0,0,0.05,0,0,0.05,0,0,0,0,,0,0,,0,0,0,0,0.49,0,0.49,0,0,0,0.49,0,0.49,0,0,0,0,0,0,0,0,0,0,0,0,0,0,0,0,0,0,0,0,0,0,0,0,0,0,0,0,0,0,4.98,0,4.98,0.2,0,0.2,5.18,0,5.18
FL,12,Bay County,5,12005,2010,168.852,11.8,140.45,152.25,1.98,0,1.98,47.15,0,47.15,49.13,0,49.13,16.602,1.41,0,1.41,85,14.9,98,16.31,0.16,0,0.16,0,0,0,0.16,0,0.16,3.3,0.02,3.32,2.59,0.04,0,2.63,2.26,0.01,2.27,1.42,0.04,0,1.46,1.04,0.01,1.05,1.17,0,0,1.17,0.02,0,0.02,0,,0,0,,0,0,0,0,0,0,0,0,0,0,0,0,0,1.26,0,1.26,0,246.06,246.06,1.26,246.06,247.32,2892.1,0.88,0,0.88,0,246.06,246.06,0.88,246.06,246.94,2886.2,0.38,0,0.38,0,0,0,0.38,0,0.38,5.9,8.13,0,8.13,47.17,246.06,293.23,55.3,246.06,301.36
WI,55,Adams County,1,55001,2010,20.875,5.337,0,5.337,0.84,0,0.84,0,0,0,0.84,0,0.84,15.538,0.55,0,0.55,35,0.19,36,0.74,0.16,0,0.16,0.02,0,0.02,0.18,0,0.18,38.69,10.34,49.03,33.93,0,0.75,34.68,,,,,,,,,,,,,,,0.14,0.02,0.16,0.1,,0.1,0,,0,0.1,0,0.1,0,0,0,0,0,0,0,0,0,0,0,0,0,0,0,0,0,0,0,0,0,0,0,0,0,0,0,0,0,0,0,0,0,0,0,0,0,0,0,40.48,0,40.48,10.38,0,10.38,50.86,0,50.86
WI,55,Ashland County,3,55003,2010,16.157,2.83,8.216,11.046,0.27,0,0.27,0.64,0,0.64,0.91,0,0.91,5.111,0.19,0,0.19,37,0.41,37,0.6,0.18,0,0.18,0,0,0,0.18,0,0.18,0.01,0,0.01,0.01,0,0,0.01,,,,,,,,,,,,,,,0.13,0.01,0.14,0,,0,0.04,,0.04,0.04,0,0.04,0.01,0,0.01,0.01,0,0.01,0.02,0,0.02,0,0,0,33.56,0,33.56,33.56,0,33.56,253.35,0,0,0,33.56,0,33.56,33.56,0,33.56,253.35,0,0,0,0,0,0,0,0,0,0,0.79,0,0.79,34.26,0,34.26,35.05,0,35.05
WI,55,Barron County,5,55005,2010,45.87,20.096,0,20.096,4.08,0,4.08,0,0,0,4.08,0,4.08,25.774,1.22,0,1.22,47,0.95,47,2.17,0.25,0,0.25,0,0,0,0.25,0,0.25,4.37,0,4.37,10.33,0,0,10.33,,,,,,,,,,,,,,,1.42,0.16,1.58,0.01,,0.01,0.04,,0.04,0.05,0,0.05,0.06,0,0.06,0,0,0,0.06,0,0.06,0,0,0,0,0,0,0,0,0,0,0,0,0,0,0,0,0,0,0,0,0,0,0,0,0,0,0,0,0,0,11.41,0,11.41,0.2,0,0.2,11.61,0,11.61
WI,55,Bayfield County,7,55007,2010,15.014,4.979,0,4.979,0.43,0,0.43,0,0,0,0.43,0,0.43,10.035,0.38,0,0.38,38,0.19,38,0.57,0.12,0,0.12,0.01,0,0.01,0.13,0,0.13,0.15,0,0.15,0.2,0,0,0.2,,,,,,,,,,,,,,,0.16,0.02,0.18,2.89,,2.89,6.46,,6.46,9.35,0,9.35,0.09,0,0.09,0,0,0,0.09,0,0.09,0,0,0,0,0,0,0,0,0,0,0,0,0,0,0,0,0,0,0,0,0,0,0,0,0,0,0,0,0,0,4.22,0,4.22,6.49,0,6.49,10.71,0,10.71
NH,33,Belknap County,1,33001,2010,60.088,22.93,15.04,37.97,1.2,0,1.2,1.98,0,1.98,3.18,0,3.18,22.118,1.62,0,1.62,73,2.42,64,4.04,0.55,0,0.55,0.15,0,0.15,0.7,0,0.7,0.05,0.03,0.08,0.28,0.02,0.01,0.31,0.02,0.01,0.03,0.04,0.02,0.01,0.07,0.03,0.02,0.05,0.24,0,0,0.24,0.02,0.01,0.03,1.53,,1.53,2.15,,2.15,3.68,0,3.68,0.01,0,0.01,0.02,0,0.02,0.03,0,0.03,0,0,0,0,0,0,0,0,0,0,0,0,0,0,0,0,0,0,0,0,0,0,0,0,0,0,0,0,0,0,4.98,0,4.98,4.34,0,4.34,9.32,0,9.32
NH,33,Carroll County,3,33003,2010,47.818,37.14,6.63,43.77,2.6,0,2.6,0.68,0,0.68,3.28,0,3.28,4.048,0.28,0,0.28,69,2.54,58,2.82,0.35,0,0.35,0,0,0,0.35,0,0.35,0.04,0.03,0.07,0.3,0.03,0.01,0.34,0.03,0.01,0.04,0.06,0.03,0.01,0.1,0.01,0.02,0.03,0.24,0,0,0.24,0.02,0.01,0.03,0.32,,0.32,0,,0,0.32,0,0.32,0,0,0,0.37,0,0.37,0.37,0,0.37,0.28,0,0.28,0,0,0,0.28,0,0.28,157.75,0,0,0,0,0,0,0,0,0,0,0.28,0,0.28,0,0,0,0.28,0,0.28,157.75,3.89,0,3.89,1.09,0,1.09,4.98,0,4.98
NH,33,Cheshire County,5,33005,2010,77.117,28.27,17.43,45.7,2.83,0,2.83,1.66,0,1.66,4.49,0,4.49,31.417,2.36,0,2.36,75,3.21,70,5.57,0.34,0,0.34,0.18,0,0.18,0.52,0,0.52,0.02,0.03,0.05,0.19,0.03,0.01,0.23,0.02,0.01,0.03,0.05,0.03,0.01,0.09,0,0.02,0.02,0.14,0,0,0.14,0.09,0.03,0.12,0,,0,0,,0,0,0,0,0,0,0,0.19,0,0.19,0.19,0,0.19,0.19,0,0.19,0.01,0,0.01,0.2,0,0.2,161.22,0,0,0,0,0,0,0,0,0,0,0.19,0,0.19,0.01,0,0.01,0.2,0,0.2,161.22,5.83,0,5.83,2.1,0,2.1,7.93,0,7.93
NY,36,Albany County,1,36001,2010,304.204,50.162,250.968,301.13,5.73,0,5.73,37.32,0,37.32,43.05,0,43.05,3.074,0.23,0,0.23,75,22.58,75,22.81,1.12,0,1.12,1.93,0,1.93,3.05,0,3.05,0.09,0.77,0.86,1.03,0.13,0.01,1.17,0.04,0.18,0.22,0.22,0.13,0.01,0.36,0.05,0.59,0.64,0.81,0,0,0.81,0.06,0.04,0.1,0,,0,0,,0,0,0,0,0,0,0,0,0,0,0,0,0,0,0,0,2.75,0,2.75,2.75,0,2.75,1390.86,0,0,0,0,0,0,0,0,0,0,0,0,0,2.75,0,2.75,2.75,0,2.75,1390.86,7.23,0,7.23,42.81,0,42.81,50.04,0,50.04
NY,36,Allegany County,3,36003,2010,48.946,14.064,9.249,23.313,1.41,0,1.41,1.03,0,1.03,2.44,0,2.44,25.633,1.92,0,1.92,75,1.75,75,3.67,0.5,0,0.5,0,0,0,0.5,0,0.5,0.13,0.24,0.37,0.49,0.07,0.01,0.57,0.05,0.08,0.13,0.12,0.07,0.01,0.2,0.08,0.16,0.24,0.37,0,0,0.37,0.26,0.14,0.4,0,,0,0,,0,0,0,0,0,0,0,0,0,0,0,0,0,0,0,0,0.07,0,0.07,0.07,0,0.07,14.78,0,0,0,0,0,0,0,0,0,0,0,0,0,0.07,0,0.07,0.07,0,0.07,14.78,4.22,0,4.22,1.48,0,1.48,5.7,0,5.7
NY,36,Bronx County,5,36005,2010,1385.108,0,1385.108,1385.108,0,0,0,0,0,0,0,0,0,0,0,0,0,N/A,103.88,75,103.88,0,0,0,0,0,0,0,0,0,0.01,0.18,0.19,0.19,0,0,0.19,0,0,0,0,0,0,0,0.01,0.18,0.19,0.19,0,0,0.19,0,0,0,0,,0,0,,0,0,0,0,0,0,0,0,0,0,0,0,0,0,0,0,0,0,0,0,0,0,0,0,0,0,0,0,0,0,0,0,0,0,0,0,0,0,0,0,0,0,0,0.01,0,0.01,0.18,0,0.18,0.19,0,0.19
NY,36,Broome County,7,36007,2010,200.6,123.634,45,168.634,7.12,0,7.12,6.73,0,6.73,13.85,0,13.85,31.966,2.4,0,2.4,75,12.65,75,15.05,1.02,0,1.02,0,0,0,1.02,0,1.02,0.27,0.43,0.7,1.03,0.05,0.01,1.09,0.04,0.06,0.1,0.09,0.05,0.01,0.15,0.23,0.37,0.6,0.94,0,0,0.94,0.15,0.08,0.23,0,,0,0,,0,0,0,0,0,0,0,0,0,0,0,0,0,0,0,0,29.11,0,29.11,29.11,0,29.11,257,0,0,0,29.11,0,29.11,29.11,0,29.11,257,0,0,0,0,0,0,0,0,0,0,10.96,0,10.96,36.35,0,36.35,47.31,0,47.31
NY,36,Cattaraugus County,9,36009,2010,80.317,34.434,11.746,46.18,4.75,0,4.75,2.04,0,2.04,6.79,0,6.79,34.137,2.56,0,2.56,75,3.46,75,6.02,0.26,0,0.26,0,0,0,0.26,0,0.26,0.22,0.37,0.59,0.72,0.19,0.02,0.93,0.12,0.2,0.32,0.31,0.19,0.02,0.52,0.1,0.17,0.27,0.41,0,0,0.41,0.33,0.17,0.5,0,,0,2.73,,2.73,2.73,0,2.73,0,0,0,0,0,0,0,0,0,0.31,0,0.31,0,0,0,0.31,0,0.31,123.98,0,0,0,0,0,0,0,0,0,0,0.31,0,0.31,0,0,0,0.31,0,0.31,123.98,8.43,0,8.43,5.31,0,5.31,13.74,0,13.74
NM,35,Bernalillo County,1,35001,2010,662.564,,,635.819,57.98,0,57.98,40.28,0,40.28,98.26,0,98.26,26.745,2.67,0,2.67,100,50.09,79,52.76,0.96,0,0.96,0,0,0,0.96,0,0.96,7.76,38.63,46.39,1.33,0,5.76,7.09,2.32,38.63,40.95,0,0,5.76,5.76,5.44,0,5.44,1.33,0,0,1.33,0.22,0,0.22,0,,0,0,,0,0,0,0,0.08,0,0.08,0,0,0,0.08,0,0.08,0.42,0,0.42,0,0,0,0.42,0,0.42,77.08,0,0,0,0,0,0,0,0,0,0,0.42,0,0.42,0,0,0,0.42,0,0.42,77.08,70.09,0,70.09,78.91,0,78.91,149,0,149
NM,35,Catron County,3,35003,2010,3.725,,,1.667,0.14,0,0.14,0.04,0,0.04,0.18,0,0.18,2.058,0.14,0,0.14,68,0.17,102,0.31,0,0,0,0,0,0,0,0,0,0.29,18.78,19.07,0,0,1.34,1.34,0.29,18.78,19.07,0,0,1.34,1.34,0,0,0,0,0,0,0,0.21,0.19,0.4,0.19,,0.19,0,,0,0.19,0,0.19,0.01,0,0.01,0,0,0,0.01,0,0.01,0,0,0,0,0,0,0,0,0,0,0,0,0,0,0,0,0,0,0,0,0,0,0,0,0,0,0,0,0,0,0.98,0,0.98,19.01,0,19.01,19.99,0,19.99
OK,40,Adair County,1,40001,2010,22.68,1.62,11.77,13.39,0,0,0,7.75,0,7.75,7.75,0,7.75,9.29,0.79,0,0.79,85,1.14,85,1.93,0,0,0,0,0,0,0,0,0,0,0.35,0.35,0.67,0,0,0.67,,,,,,,,,,,,,,,0.14,1.23,1.37,0,,0,0,,0,0,0,0,0,0,0,0,0,0,0,0,0,0,0,0,0,0,0,0,0,0,0,0,0,0,0,0,0,0,0,0,0,0,0,0,0,0,0,0,0,0,0,0.93,0,0.93,9.33,0,9.33,10.26,0,10.26
OK,40,Alfalfa County,3,40003,2010,5.64,4.83,0,4.83,1.37,0,1.37,0,0,0,1.37,0,1.37,0.81,0.07,0,0.07,86,0.41,85,0.48,0,0,0,0,0,0,0,0,0,0.35,2.2,2.55,2.62,0,0,2.62,,,,,,,,,,,,,,,1.12,0,1.12,0.04,,0.04,0.64,,0.64,0.68,0,0.68,0.01,2.35,2.36,0.06,0,0.06,0.07,2.35,2.42,0,0,0,0,0,0,0,0,0,0,0,0,0,0,0,0,0,0,0,0,0,0,0,0,0,0,0,0,0,0,2.96,2.35,5.31,2.9,0,2.9,5.86,2.35,8.21
OK,40,Atoka County,5,40005,2010,14.18,1.58,9.63,11.21,0.08,0,0.08,22.12,0,22.12,22.2,0,22.2,2.97,0.25,0,0.25,84,0.95,85,1.2,0,0,0,0,0,0,0,0,0,0,0.45,0.45,0.74,0,0,0.74,,,,,,,,,,,,,,,0.1,0.9,1,0,,0,0,,0,0,0,0,0.01,0.34,0.35,0.15,0,0.15,0.16,0.34,0.5,0,0,0,0,0,0,0,0,0,0,0,0,0,0,0,0,0,0,0,0,0,0,0,0,0,0,0,0,0,0,0.44,0.34,0.78,23.62,0,23.62,24.06,0.34,24.4
MA,25,Barnstable County,1,25001,2010,215.888,167.981,17.251,185.232,27.07,0,27.07,2.78,0,2.78,29.85,0,29.85,30.656,2.18,0,2.18,71,12.58,68,14.76,0,0,0,0,0,0,0,0,0,11.09,1.66,12.75,2.59,0.21,1.01,3.81,8.35,1.66,10.01,0.25,0.01,1.01,1.27,2.74,0,2.74,2.34,0.2,0,2.54,0.01,0.01,0.02,0,,0,2.79,,2.79,2.79,0,2.79,0.09,0,0.09,0.23,0,0.23,0.32,0,0.32,0,0,0,0,12.9,12.9,0,12.9,12.9,120.75,0,0,0,0,12.9,12.9,0,12.9,12.9,120.75,0,0,0,0,0,0,0,0,0,0,40.44,0,40.44,7.47,12.9,20.37,47.91,12.9,60.81
MA,25,Berkshire County,3,25003,2010,131.219,16.466,89.034,105.5,2.58,0,2.58,13.95,0,13.95,16.53,0,16.53,25.719,1.83,0,1.83,71,6.51,62,8.34,0.67,0,0.67,3.65,0,3.65,4.32,0,4.32,0.48,0.04,0.52,0.51,0.04,0.01,0.56,0,0.04,0.04,0.14,0.01,0.01,0.16,0.48,0,0.48,0.37,0.03,0,0.4,0.2,0,0.2,0,,0,0,,0,0,0,0,0,0,0,0.66,0,0.66,0.66,0,0.66,0.21,0,0.21,0,0,0,0.21,0,0.21,56.23,0,0,0,0,0,0,0,0,0,0,0.21,0,0.21,0,0,0,0.21,0,0.21,56.23,5.97,0,5.97,18.3,0,18.3,24.27,0,24.27
GA,13,Appling County,1,13001,2010,18.236,5.7,0,5.7,0.91,0,0.91,0,0,0,0.91,0,0.91,12.536,0.94,0,0.94,75,0.64,112,1.58,0,0,0,0,0,0,0,0,0,1.44,0.47,1.91,6.42,1.83,0,8.25,1.44,0.47,1.91,6.42,1.83,0,8.25,0,0,0,0,0,0,0,0.05,0.22,0.27,0,,0,0,,0,0,0,0,0,0,0,0,0,0,0,0,0,0.2,0,0.2,56.7,0,56.7,56.9,0,56.9,13902,0,0,0,0,0,0,0,0,0,0,0.2,0,0.2,56.7,0,56.7,56.9,0,56.9,13902,3.54,0,3.54,57.39,0,57.39,60.93,0,60.93
GA,13,Atkinson County,3,13003,2010,8.375,3.9,0,3.9,0.44,0,0.44,0,0,0,0.44,0,0.44,4.475,0.34,0,0.34,76,0.28,72,0.62,0.4,0,0.4,0,0,0,0.4,0,0.4,0.4,0.05,0.45,7.53,0.12,0,7.65,0.4,0.05,0.45,7.53,0.12,0,7.65,0,0,0,0,0,0,0,0.04,0.23,0.27,0.06,,0.06,0.66,,0.66,0.72,0,0.72,0,0,0,0,0,0,0,0,0,0,0,0,0,0,0,0,0,0,0,0,0,0,0,0,0,0,0,0,0,0,0,0,0,0,0,0,0,0,0,1.68,0,1.68,0.94,0,0.94,2.62,0,2.62
GA,13,Bacon County,5,13005,2010,11.096,4.86,0,4.86,0.59,0,0.59,0,0,0,0.59,0,0.59,6.236,0.47,0,0.47,75,0.5,103,0.97,0.3,0,0.3,0,0,0,0.3,0,0.3,0.6,0.21,0.81,4.34,2.79,0,7.13,0.6,0.21,0.81,4.34,2.79,0,7.13,0,0,0,0,0,0,0,0.01,0.07,0.08,0,,0,0,,0,0,0,0,0,0,0,0,0,0,0,0,0,0,0,0,0,0,0,0,0,0,0,0,0,0,0,0,0,0,0,0,0,0,0,0,0,0,0,0,0,0,0,1.97,0,1.97,0.28,0,0.28,2.25,0,2.25
GA,13,Baker County,7,13007,2010,3.451,0.87,0,0.87,0.12,0,0.12,0,0,0,0.12,0,0.12,2.581,0.19,0,0.19,74,0.1,115,0.29,0,0,0,0,0,0,0,0,0,31.51,3.93,35.44,43.26,0.39,0,43.65,31.51,3.93,35.44,43.26,0.39,0,43.65,0,0,0,0,0,0,0,0,0.1,0.1,0,,0,0.62,,0.62,0.62,0,0.62,0,0,0,0,0,0,0,0,0,0,0,0,0,0,0,0,0,0,0,0,0,0,0,0,0,0,0,0,0,0,0,0,0,0,0,0,0,0,0,31.82,0,31.82,4.65,0,4.65,36.47,0,36.47
GA,13,Baldwin County,9,13009,2010,45.72,0.36,44.93,45.29,0.03,0,0.03,6.56,0,6.56,6.59,0,6.59,0.43,0.03,0,0.03,70,3.06,68,3.09,0.01,0,0.01,0,0,0,0.01,0,0.01,0,0.08,0.08,0.05,0,0,0.05,0,0,0,0,0,0,0,0,0.08,0.08,0.05,0,0,0.05,0,0.12,0.12,0,,0,0,,0,0,0,0,0.08,0,0.08,0,0,0,0.08,0,0.08,0,0,0,0,0,0,0,0,0,0,0,0,0,0,0,0,0,0,0,0,0,0,0,0,0,0,0,0,0,0,0.15,0,0.15,6.76,0,6.76,6.91,0,6.91
SD,46,Aurora County,3,46003,2010,2.71,0,2.71,2.71,0,0,0,0,0,0,0,0,0,0,0,0,0,N/A,0.35,129,0.35,0,0,0,0,0,0,0,0,0,0.03,0.03,0.06,0.13,0,0.13,0.26,0.03,0.03,0.06,0.13,0,0.13,0.26,0,0,0,0,0,0,0,0.3,0.39,0.69,0,,0,0,,0,0,0,0,0.01,0,0.01,0.01,0,0.01,0.02,0,0.02,0,0,0,0,0,0,0,0,0,0,0,0,0,0,0,0,0,0,0,0,0,0,0,0,0,0,0,0,0,0,0.34,0,0.34,0.43,0,0.43,0.77,0,0.77
SD,46,Beadle County,5,46005,2010,17.398,3.365,13.683,17.048,0.62,0,0.62,0.03,0,0.03,0.65,0,0.65,0.35,0,0,0,0,3.08,181,3.08,0,0,0,0.08,0,0.08,0.08,0,0.08,3.47,0,3.47,4.8,0,0.13,4.93,3.47,0,3.47,4.8,0,0.13,4.93,0,0,0,0,0,0,0,0.61,0.91,1.52,0,,0,0,,0,0,0,0,0,0,0,0,0,0,0,0,0,0,0,0,0,0,0,0,0,0,0,0,0,0,0,0,0,0,0,0,0,0,0,0,0,0,0,0,0,0,0,4.7,0,4.7,1.02,0,1.02,5.72,0,5.72
SD,46,Bennett County,7,46007,2010,3.431,1.491,1.7,3.191,0.23,0,0.23,0.26,0,0.26,0.49,0,0.49,0.24,0.17,0,0.17,708,0.4,125,0.57,0,0,0,0,0,0,0,0,0,25.14,0,25.14,6.26,0,0,6.26,25.14,0,25.14,6.26,0,0,6.26,0,0,0,0,0,0,0,0.18,0.26,0.44,0,,0,0,,0,0,0,0,0,0,0,0,0,0,0,0,0,0,0,0,0,0,0,0,0,0,0,0,0,0,0,0,0,0,0,0,0,0,0,0,0,0,0,0,0,0,0,25.72,0,25.72,0.52,0,0.52,26.24,0,26.24
ID,16,Ada County,1,16001,2010,392.365,,,375.999,50.75,0,50.75,11.61,0,11.61,62.36,0,62.36,16.366,2.08,0,2.08,127,53,141,55.08,4.76,0,4.76,3.52,0,3.52,8.28,0,8.28,42.27,711.15,753.42,22.81,0,38.83,61.64,38.42,710.19,748.61,20.91,0,38.83,59.74,3.85,0.96,4.81,1.9,0,0,1.9,1.28,0.23,1.51,0,,0,3.23,,3.23,3.23,0,3.23,0.65,0,0.65,0.65,0,0.65,1.3,0,1.3,0,0,0,0,0,0,0,0,0,0,0,0,0,0,0,0,0,0,0,0,0,0,0,0,0,0,0,0,0,0,101.79,0,101.79,730.39,0,730.39,832.18,0,832.18
ID,16,Adams County,3,16003,2010,3.976,,,1.854,0.28,0,0.28,0,0,0,0.28,0,0.28,2.122,0.26,0,0.26,123,0.23,124,0.49,0.11,0,0.11,0.05,0,0.05,0.16,0,0.16,1.88,72.84,74.72,8.16,0,19.62,27.78,1.49,72.84,74.33,8.01,0,19.62,27.63,0.39,0,0.39,0.15,0,0,0.15,0.1,0.07,0.17,2.59,,2.59,0,,0,2.59,0,2.59,0,0,0,0,0,0,0,0,0,0,0,0,0,0,0,0,0,0,0,0,0,0,0,0,0,0,0,0,0,0,0,0,0,0,0,0,0,0,0,5.22,0,5.22,72.96,0,72.96,78.18,0,78.18
PR,72,Adjuntas County,1,72001,2010,19.483,3.196,16.287,19.483,0.12,0,0.12,1.03,0,1.03,1.15,0,1.15,0,0,0,0,N/A,0.97,50,0.97,0,0,0,0,0,0,0,0,0,0,0,0,0,0,0,0,,,,,,,,,,,,,,,0,0.04,0.04,0,,0,0.01,,0.01,0.01,0,0.01,0,0,0,0,0,0,0,0,0,0,0,0,0,0,0,0,0,0,0,0,0,0,0,0,0,0,0,0,0,0,0,0,0,0,0,0,0,0,0,0.12,0,0.12,1.08,0,1.08,1.2,0,1.2
PR,72,Aguada County,3,72003,2010,41.959,3.64,38.319,41.959,1.08,0,1.08,0,0,0,1.08,0,1.08,0,0,0,0,N/A,3.06,73,3.06,0,0,0,0,0,0,0,0,0,0,0,0,0,0,0,0,,,,,,,,,,,,,,,0.04,0,0.04,0,,0,0,,0,0,0,0,0,0,0,0,0,0,0,0,0,0,0,0,0,0,0,0,0,0,0,0,0,0,0,0,0,0,0,0,0,0,0,0,0,0,0,0,0,0,0,1.12,0,1.12,0,0,0,1.12,0,1.12
PR,72,Aguadilla County,5,72005,2010,60.949,0.165,58.915,59.08,0.01,0,0.01,27.79,0,27.79,27.8,0,27.8,1.869,0.12,0,0.12,64,3.91,66,4.03,0.02,0,0.02,0,0,0,0.02,0,0.02,0.47,0.04,0.51,0.13,0.69,0,0.82,,,,,,,,,,,,,,,0.05,0,0.05,0,,0,0,,0,0,0,0,0.04,0.08,0.12,0.04,0,0.04,0.08,0.08,0.16,0,0,0,0,0,0,0,0,0,0,0,0,0,0,0,0,0,0,0,0,0,0,0,0,0,0,0,0,0,0,0.71,0.08,0.79,27.87,0,27.87,28.58,0.08,28.66
PR,72,Aguas Buenas County,7,72007,2010,28.659,5.48,23.179,28.659,0.71,0,0.71,21.07,0,21.07,21.78,0,21.78,0,0,0,0,N/A,2.25,79,2.25,0,0,0,0,0,0,0,0,0,0,0,0,0,0,0,0,,,,,,,,,,,,,,,0,0.03,0.03,0,,0,0,,0,0,0,0,0,0,0,0,0,0,0,0,0,0,0,0,0,0,0,0,0,0,0,0,0,0,0,0,0,0,0,0,0,0,0,0,0,0,0,0,0,0,0,0.71,0,0.71,21.1,0,21.1,21.81,0,21.81
KS,20,Allen County,1,20001,2010,13.371,,,13.371,0,0,0,1.93,0,1.93,1.93,0,1.93,0,0,0,0,N/A,0.83,62,0.83,0,0,0,0.53,0,0.53,0.53,0,0.53,0,0.08,0.08,0.24,0,0,0.24,0,0.08,0.08,0.24,0,0,0.24,0,0,0,0,0,0,0,0,0.48,0.48,0,,0,0,,0,0,0,0,0.47,0,0.47,0.31,0,0.31,0.78,0,0.78,0,0,0,0,0,0,0,0,0,0,0,0,0,0,0,0,0,0,0,0,0,0,0,0,0,0,0,0,0,0,0.47,0,0.47,3.33,0,3.33,3.8,0,3.8
KS,20,Anderson County,3,20003,2010,8.102,,,7.935,0,0,0,0.54,0,0.54,0.54,0,0.54,0.167,0.01,0,0.01,60,0.44,55,0.45,0,0,0,0,0,0,0,0,0,0,0.58,0.58,1.95,0,0.11,2.06,0,0.58,0.58,1.95,0,0.11,2.06,0,0,0,0,0,0,0,0.01,0.75,0.76,0,,0,0,,0,0,0,0,0.03,0,0.03,0.02,0,0.02,0.05,0,0.05,0,0,0,0,0,0,0,0,0,0,0,0,0,0,0,0,0,0,0,0,0,0,0,0,0,0,0,0,0,0,0.05,0,0.05,1.89,0,1.89,1.94,0,1.94
KS,20,Atchison County,5,20005,2010,16.924,,,15.935,0.27,0,0.27,4.38,0,4.38,4.65,0,4.65,0.989,0.07,0,0.07,71,0.97,61,1.04,0,0,0,0,0,0,0,0,0,0.03,0.04,0.07,0.3,0,0,0.3,0.03,0,0.03,0.21,0,0,0.21,0,0.04,0.04,0.09,0,0,0.09,0.05,0.53,0.58,0,,0,0,,0,0,0,0,0.04,0,0.04,0.03,0,0.03,0.07,0,0.07,0,0,0,0,0,0,0,0,0,0,0,0,0,0,0,0,0,0,0,0,0,0,0,0,0,0,0,0,0,0,0.46,0,0.46,4.98,0,4.98,5.44,0,5.44
KS,20,Barber County,7,20007,2010,4.861,,,4.013,0.69,0,0.69,0,0,0,0.69,0,0.69,0.848,0.11,0,0.11,130,0.47,117,0.58,0,0,0,0,0,0,0,0,0,4.01,0,4.01,4.32,0,0.19,4.51,4.01,0,4.01,4.31,0,0.19,4.5,0,0,0,0.01,0,0,0.01,0.96,0,0.96,0,,0,0,,0,0,0,0,0.11,0,0.11,0.05,0,0.05,0.16,0,0.16,0,0,0,0,0,0,0,0,0,0,0,0,0,0,0,0,0,0,0,0,0,0,0,0,0,0,0,0,0,0,5.88,0,5.88,0.05,0,0.05,5.93,0,5.93
UT,49,Beaver County,1,49001,2010,6.629,,,5.52,2.38,0,2.38,0,0,0,2.38,0,2.38,1.109,0.19,0,0.19,171,1.5,272,1.69,0.81,0,0.81,0,0,0,0.81,0,0.81,44.38,33.42,77.8,23.46,0,8.79,32.25,44.38,33.34,77.72,23.42,0,8.79,32.21,0,0.08,0.08,0.04,0,0,0.04,1.92,0.84,2.76,0,0,0,0,0,0,0,0,0,0,0,0,0,0,0,0,0,0,10.33,6.97,17.3,0.01,0,0.01,10.34,6.97,17.31,322.73,0,0,0,0,0,0,0,0,0,0,10.33,6.97,17.3,0.01,0,0.01,10.34,6.97,17.31,322.73,60.01,6.97,66.98,34.27,0,34.27,94.28,6.97,101.25
UT,49,Box Elder County,3,49003,2010,49.975,,,47.89,15.89,0,15.89,0,0,0,15.89,0,15.89,2.085,0.35,0,0.35,168,9.38,196,9.73,0.88,0.02,0.9,0,0,0,0.88,0.02,0.9,42.24,338.32,380.56,53.39,0.03,99.43,152.85,42.24,337.81,380.05,53.15,0.03,99.43,152.61,0,0.51,0.51,0.24,0,0,0.24,0.46,1.08,1.54,6.03,0,6.03,0,0,0,6.03,0,6.03,0,0,0,0,0,0,0,0,0,0,0,0,0,0,0,0,0,0,0,0,0,0,0,0,0,0,0,0,0,0,0,0,0,0,0,0,0,0,0,65.85,0.02,65.87,339.4,0,339.4,405.25,0.02,405.27
UT,49,Cache County,5,49005,2010,112.656,,,107.58,33.11,0,33.11,0.36,0,0.36,33.47,0,33.47,5.076,0.85,0,0.85,167,20.59,191,21.44,0.51,0,0.51,0,0,0,0.51,0,0.51,14.11,222.95,237.06,65.05,0.04,41.13,106.22,14.11,222.49,236.6,64.75,0.04,41.13,105.92,0,0.46,0.46,0.3,0,0,0.3,0.37,0.85,1.22,16.38,0,16.38,0,0,0,16.38,0,16.38,0,0,0,0,0,0,0,0,0,0,0,0,0,0,0,0,0,0,0,0,0,0,0,0,0,0,0,0,0,0,0,0,0,0,0,0,0,0,0,65.33,0,65.33,224.16,0,224.16,289.49,0,289.49
UT,49,Carbon County,7,49007,2010,21.403,,,21.08,3.05,0,3.05,3.13,0,3.13,6.18,0,6.18,0.323,0.05,0,0.05,155,4,190,4.05,0.01,0,0.01,0.02,0,0.02,0.03,0,0.03,0.09,31.54,31.63,4.29,0,8.07,12.36,0.09,31.18,31.27,4.2,0,8.07,12.27,0,0.36,0.36,0.09,0,0,0.09,0.03,0.11,0.14,0,0,0,0,0,0,0,0,0,0.05,0.19,0.24,0,0,0,0.05,0.19,0.24,0.7,0,0.7,2.31,0,2.31,3.01,0,3.01,1673.7,0,0,0,0,0,0,0,0,0,0,0.7,0,0.7,2.31,0,2.31,3.01,0,3.01,1673.7,3.98,0.19,4.17,37.11,0,37.11,41.09,0.19,41.28
MI,26,Alcona County,1,26001,2010,10.942,,,0.601,0.08,0,0.08,0,0,0,0.08,0,0.08,10.341,0.89,0,0.89,86,0.04,67,0.93,0,0,0,0,0,0,0,0,0,0.15,0.74,0.89,0.27,0.01,0,0.28,0.05,0.71,0.76,0.12,0.01,0,0.13,0.1,0.03,0.13,0.15,0,0,0.15,0.07,0,0.07,0.02,,0.02,3.89,,3.89,3.91,0,3.91,0,0,0,0,0,0,0,0,0,0.45,0,0.45,0,0,0,0.45,0,0.45,144.48,0,0,0,0,0,0,0,0,0,0,0.45,0,0.45,0,0,0,0.45,0,0.45,144.48,1.66,0,1.66,4.63,0,4.63,6.29,0,6.29
MI,26,Alger County,3,26003,2010,9.601,,,4.04,0.51,0,0.51,0,0,0,0.51,0,0.51,5.561,0.48,0,0.48,86,0.29,72,0.77,0.44,0,0.44,4.11,0,4.11,4.55,0,4.55,0.02,0,0.02,0.06,0,0,0.06,0,0,0,0,0,0,0,0.02,0,0.02,0.06,0,0,0.06,0.03,0,0.03,0,,0,0,,0,0,0,0,0,0,0,0,0,0,0,0,0,0,0,0,0,0,0,0,0,0,0,0,0,0,0,0,0,0,0,0,0,0,0,0,0,0,0,0,0,0,0,1.48,0,1.48,4.11,0,4.11,5.59,0,5.59
MI,26,Allegan County,5,26005,2010,111.408,,,30.909,3.91,0,3.91,0,0,0,3.91,0,3.91,80.499,6.95,0,6.95,86,2.2,71,9.15,1.87,0,1.87,0.37,0,0.37,2.24,0,2.24,2.95,5.1,8.05,17.31,1.03,0.06,18.4,2.7,5.02,7.72,16.84,1.03,0.06,17.93,0.25,0.08,0.33,0.47,0,0,0.47,1.47,0.16,1.63,0.01,,0.01,0,,0,0.01,0,0.01,0,0,0,0.79,0,0.79,0.79,0,0.79,0.01,0,0.01,0,0,0,0.01,0,0.01,6.55,0,0,0,0,0,0,0,0,0,0,0.01,0,0.01,0,0,0,0.01,0,0.01,6.55,17.17,0,17.17,6.42,0,6.42,23.59,0,23.59
MI,26,Alpena County,7,26007,2010,29.598,,,16.857,0,0,0,2.06,0,2.06,2.06,0,2.06,12.741,1.1,0,1.1,86,1.09,65,2.19,0,0,0,3.27,0,3.27,3.27,0,3.27,0.05,0.04,0.09,0.14,0,0,0.14,0,0,0,0,0,0,0,0.05,0.04,0.09,0.14,0,0,0.14,0.15,0.02,0.17,0,,0,0,,0,0,0,0,0,0,0,0.67,0,0.67,0.67,0,0.67,0,0,0,112.96,0,112.96,112.96,0,112.96,296.9,0,0,0,112.96,0,112.96,112.96,0,112.96,296.9,0,0,0,0,0,0,0,0,0,0,1.3,0,1.3,119.02,0,119.02,120.32,0,120.32
VI,78,St Croix County,10,78010,2010,50.601,,,39.32,0.34,0,0.34,0,2.77,2.77,0.34,2.77,3.11,11.281,0,1.29,1.29,114,2.35,60,3.64,0.22,0,0.22,0,2.62,2.62,0.22,2.62,2.84,0,0,0,0,0,0,0,,,,,,,,,,,,,,,0.01,0.01,0.02,0,,0,0,,0,0,0,0,0,0,0,0,0.04,0.04,0,0.04,0.04,0,0,0,0.07,46.48,46.55,0.07,46.48,46.55,332,0,0,0,0.07,46.48,46.55,0.07,46.48,46.55,332,0,0,0,0,0,0,0,0,0,0,0.57,0,0.57,1.37,51.91,53.28,1.94,51.91,53.85
VI,78,St John County,20,78020,2010,4.17,,,1.77,0.01,0,0.01,0,0.11,0.11,0.01,0.11,0.12,2.4,0,0.22,0.22,92,0.05,28,0.27,0,0,0,0,0,0,0,0,0,0,0,0,0,0,0,0,,,,,,,,,,,,,,,0,0,0,0,,0,0,,0,0,0,0,0,0,0,0,0,0,0,0,0,0,0,0,0,0,0,0,0,0,0,0,0,0,0,0,0,0,0,0,0,0,0,0,0,0,0,0,0,0,0,0.01,0,0.01,0.22,0.11,0.33,0.23,0.11,0.34
IN,18,Adams County,1,18001,2010,34.387,,,19.738,2.64,0,2.64,0,0,0,2.64,0,2.64,14.649,1.11,0,1.11,76,1.5,76,2.61,0.46,0,0.46,2.07,0,2.07,2.53,0,2.53,0,0,0,0.18,0,0,0.18,,,,,,,,,,,,,,,1.17,0.32,1.49,0,,0,0,,0,0,0,0,0,0,0,0,0,0,0,0,0,0,0,0,0,0,0,0,0,0,0,0,0,0,0,0,0,0,0,0,0,0,0,0,0,0,0,0,0,0,0,5.38,0,5.38,2.39,0,2.39,7.77,0,7.77
IN,18,Allen County,3,18003,2010,355.329,,,301.319,4,0,4,32.69,0,32.69,36.69,0,36.69,54.01,4.1,0,4.1,76,22.9,76,27,0.69,0,0.69,0.58,0,0.58,1.27,0,1.27,0.01,0.05,0.06,0.73,0,0,0.73,,,,,,,,,,,,,,,0.27,0.21,0.48,0,,0,0,,0,0,0,0,0,0,0,6.01,0,6.01,6.01,0,6.01,0,0,0,0,0,0,0,0,0,0,0,0,0,0,0,0,0,0,0,0,0,0,0,0,0,0,0,0,0,0,9.07,0,9.07,39.54,0,39.54,48.61,0,48.61
IN,18,Bartholomew County,5,18005,2010,76.794,,,53.218,8.16,0,8.16,0,0,0,8.16,0,8.16,23.576,1.79,0,1.79,76,4.04,76,5.83,0.03,0,0.03,0,0,0,0.03,0,0.03,5.06,0.37,5.43,10.21,0,0,10.21,,,,,,,,,,,,,,,0.1,0.07,0.17,0,,0,0,,0,0,0,0,0,0,0,2.65,0,2.65,2.65,0,2.65,0,0,0,0,0,0,0,0,0,0,0,0,0,0,0,0,0,0,0,0,0,0,0,0,0,0,0,0,0,0,15.14,0,15.14,3.09,0,3.09,18.23,0,18.23
IN,18,Benton County,7,18007,2010,8.854,,,5.702,0.45,0,0.45,0,0,0,0.45,0,0.45,3.152,0.24,0,0.24,76,0.43,75,0.67,0,0,0,0,0,0,0,0,0,0.04,0.03,0.07,4.05,0,0,4.05,,,,,,,,,,,,,,,0.05,0.08,0.13,0,,0,0,,0,0,0,0,0,0,0,0,0,0,0,0,0,0,0,0,0,0,0,0,0,0,0,0,0,0,0,0,0,0,0,0,0,0,0,0,0,0,0,0,0,0,0,0.78,0,0.78,0.11,0,0.11,0.89,0,0.89
MN,27,Aitkin County,1,27001,2010,16.202,2.87,0,2.87,0.27,0,0.27,0,0,0,0.27,0,0.27,13.332,0.93,0,0.93,70,0.12,42,1.05,0,0,0,0,0,0,0,0,0,0.03,1.91,1.94,0.2,0,4.82,5.02,0,1.84,1.84,0,0,4.82,4.82,0.03,0.07,0.1,0.2,0,0,0.2,0.18,0,0.18,0.02,,0.02,0,,0,0.02,0,0.02,0,0,0,0.1,0,0.1,0.1,0,0.1,0,0,0,0,0,0,0,0,0,0,0,0,0,0,0,0,0,0,0,0,0,0,0,0,0,0,0,0,0,0,1.43,0,1.43,2.01,0,2.01,3.44,0,3.44
MN,27,Anoka County,3,27003,2010,330.844,241.8,20.24,262.04,28.83,0,28.83,87.44,0,87.44,116.27,0,116.27,68.804,4.82,0,4.82,70,18.26,70,23.08,0.31,0,0.31,0.13,0,0.13,0.44,0,0.44,3,0.89,3.89,3.59,0,0,3.59,1.15,0.32,1.47,2.25,0,0,2.25,1.85,0.57,2.42,1.34,0,0,1.34,0.09,0,0.09,0.03,,0.03,0,,0,0.03,0,0.03,0,0,0,0.52,0,0.52,0.52,0,0.52,0,0,0,0,0,0,0,0,0,0,0,0,0,0,0,0,0,0,0,0,0,0,0,0,0,0,0,0,0,0,37.08,0,37.08,88.98,0,88.98,126.06,0,126.06
MN,27,Becker County,5,27005,2010,32.504,10.53,0,10.53,1.47,0,1.47,0,0,0,1.47,0,1.47,21.974,1.54,0,1.54,70,0.55,52,2.09,0,0,0,0,0,0,0,0,0,4.36,0.02,4.38,14.3,0,0,14.3,4.12,0,4.12,13.75,0,0,13.75,0.24,0.02,0.26,0.55,0,0,0.55,0.51,0,0.51,0,,0,0,,0,0,0,0,0.37,0,0.37,0.3,0,0.3,0.67,0,0.67,0,0,0,0,0,0,0,0,0,0,0,0,0,0,0,0,0,0,0,0,0,0,0,0,0,0,0,0,0,0,8.25,0,8.25,0.32,0,0.32,8.57,0,8.57
MN,27,Beltrami County,7,27007,2010,44.442,13.72,0,13.72,1.46,0,1.46,0,0,0,1.46,0,1.46,30.722,2.15,0,2.15,70,0.59,43,2.74,0.05,0,0.05,0,0,0,0.05,0,0.05,0.13,2.3,2.43,0.39,0,4.43,4.82,0.1,2.29,2.39,0.17,0,4.43,4.6,0.03,0.01,0.04,0.22,0,0,0.22,0.29,0,0.29,0,,0,0.01,,0.01,0.01,0,0.01,0,0,0,0,0,0,0,0,0,0,0,0,0,0,0,0,0,0,0,0,0,0,0,0,0,0,0,0,0,0,0,0,0,0,0,0,0,0,0,4.08,0,4.08,2.31,0,2.31,6.39,0,6.39
MN,27,Benton County,9,27009,2010,38.451,19.03,0,19.03,1.94,0,1.94,0,0,0,1.94,0,1.94,19.421,1.36,0,1.36,70,0.97,51,2.33,0.3,0,0.3,9.33,0,9.33,9.63,0,9.63,8.08,0.11,8.19,15.79,0,0,15.79,7.62,0.06,7.68,15.54,0,0,15.54,0.46,0.05,0.51,0.25,0,0,0.25,0.7,0,0.7,0.03,,0.03,0,,0,0.03,0,0.03,0,0,0,0,0,0,0,0,0,0,0,0,0,0,0,0,0,0,0,0,0,0,0,0,0,0,0,0,0,0,0,0,0,0,0,0,0,0,0,12.41,0,12.41,9.44,0,9.44,21.85,0,21.85
MT,30,Beaverhead County,1,30001,2010,9.246,,,5.576,1.87,0,1.87,0,0,0,1.87,0,1.87,3.67,0.29,0,0.29,79,1.15,206,1.44,0.13,0,0.13,0.2,0,0.2,0.33,0,0.33,2.1,476.18,478.28,51.01,0,67.88,118.89,,,,,,,,,,,,,,,0.95,1.18,2.13,0,,0,0,,0,0,0,0,0,0,0,0.06,0,0.06,0.06,0,0.06,0,0,0,0,0,0,0,0,0,0,0,0,0,0,0,0,0,0,0,0,0,0,0,0,0,0,0,0,0,0,5.34,0,5.34,477.62,0,477.62,482.96,0,482.96
MT,30,Big Horn County,3,30003,2010,12.865,,,7.852,0.47,0,0.47,0.81,0,0.81,1.28,0,1.28,5.013,0.39,0,0.39,78,0.88,112,1.27,0.02,0,0.02,0,0,0,0.02,0,0.02,4.4,254.35,258.75,8.2,0,45.89,54.09,,,,,,,,,,,,,,,1.17,0.3,1.47,0,,0,0,,0,0,0,0,0,1.83,1.83,2.67,0,2.67,2.67,1.83,4.5,0,0,0,1.67,0,1.67,1.67,0,1.67,793.9,0,0,0,0,0,0,0,0,0,0,0,0,0,1.67,0,1.67,1.67,0,1.67,793.9,6.45,1.83,8.28,259.8,0,259.8,266.25,1.83,268.08
MT,30,Blaine County,5,30005,2010,6.491,,,5.351,0.44,0,0.44,0.66,0,0.66,1.1,0,1.1,1.14,0.09,0,0.09,79,0.7,131,0.79,0,0,0,0.02,0,0.02,0.02,0,0.02,4.61,229.12,233.73,14.14,0,38.54,52.68,,,,,,,,,,,,,,,0.23,1.04,1.27,0,,0,0,,0,0,0,0,0,0.16,0.16,0.07,0,0.07,0.07,0.16,0.23,0,0,0,0,0,0,0,0,0,0,0,0,0,0,0,0,0,0,0,0,0,0,0,0,0,0,0,0,0,0,5.37,0.16,5.53,230.91,0,230.91,236.28,0.16,236.44
MT,30,Broadwater County,7,30007,2010,5.612,,,2.15,1.03,0,1.03,0,0,0,1.03,0,1.03,3.462,0.27,0,0.27,78,0.59,274,0.86,0.07,0,0.07,0,0,0,0.07,0,0.07,2.03,188.54,190.57,37.68,0,4.62,42.3,,,,,,,,,,,,,,,0.09,0.23,0.32,0,,0,0,,0,0,0,0,0,0,0,0.14,0,0.14,0.14,0,0.14,0,0,0,0,0,0,0,0,0,0,0,0,0,0,0,0,0,0,0,0,0,0,0,0,0,0,0,0,0,0,3.49,0,3.49,188.91,0,188.91,192.4,0,192.4
MT,30,Carbon County,9,30009,2010,10.078,,,4.612,1.74,0,1.74,0,0,0,1.74,0,1.74,5.466,0.43,0,0.43,79,0.99,215,1.42,0.13,0,0.13,0,0,0,0.13,0,0.13,0.86,393.01,393.87,10.09,0,52.78,62.87,,,,,,,,,,,,,,,0.02,0.89,0.91,0,,0,2.32,,2.32,2.32,0,2.32,0,0.79,0.79,0,0,0,0,0.79,0.79,0,0,0,0,0,0,0,0,0,0,0,0,0,0,0,0,0,0,0,0,0,0,0,0,0,0,0,0,0,0,3.18,0.79,3.97,396.22,0,396.22,399.4,0.79,400.19
